FIRE;;;;;;;;;;;;;;;;;NOFIRE;;;;;;;;;;;;;;;
imagem;index;mediana;mean global;desvio;mean blue;desv blue;mean green;desv green;mean red;desv red;R/G mean;R/B mean;R/G desv;R/B desv;Coluna1;;imagem;index;mediana;mean global;desvio;mean blue;desv blue;mean green;desv green;mean red;desv red;R/G mean;R/B mean;R/G desv;R/B desv;Coluna1
5;39;196;159,569;94,944;29,581;4,009;195,81;5,17;253,317;1,144;1,294;8,564;0,221;0,285;82,99300699;;5;97;10;18,279;25,407;6,779;8,462;15,066;16,71;32,992;35,024;2,19;4,867;2,096;4,139;1,378517731
2;67;174;144,654;93,617;31,784;16,961;171,506;63,941;230,672;32,506;1,345;7,257;0,508;1,917;2,879991386;;2;47;7;17,175;23,131;12,376;14,963;9,93;14,351;29,219;30,897;2,943;2,361;2,153;2,065;1,335739916
5;38;189;158,157;93,37;31,549;5,705;189,277;1,841;253,646;1,222;1,34;8,04;0,663;0,214;76,40752864;;5;98;11;17,352;23,117;6,829;8,408;13,426;15,641;31,802;30,87;2,369;4,657;1,974;3,671;1,335380889
5;29;193;159,523;92,899;33,168;7,01;192,13;4,753;253,27;1,196;1,318;7,636;0,252;0,171;77,67474916;;5;93;12;17,949;22,208;6,496;6,876;13,621;13,595;33,731;29,129;2,476;5,193;2,143;4,237;1,311644452
2;77;195;155,04;92,337;38,219;20,148;186,141;51,712;240,76;23,157;1,293;6,299;0,448;1,149;3,987433605;;1;72;33;43,539;23,602;26,266;5,35;44,133;10,773;60,219;30,815;1,364;2,293;2,86;5,76;1,305609694
2;66;188;155,175;91,794;34,832;17,325;185,962;36,138;244,733;14,877;1,316;7,026;0,412;0,859;6,170195604;;5;16;17;37,691;52,114;15,326;22,316;35,597;44,503;62,15;67,575;1,746;4,055;1,518;3,028;1,296676517
5;48;192;159,479;91,756;34,931;5,655;191;7,932;252,506;1,703;1,322;7,229;0,215;0,301;53,87903699;;5;99;9;14,931;17,597;6,078;7,894;12,536;12,07;26,178;22,591;2,088;4,307;1,872;2,862;1,283798375
2;65;179;152,55;91,704;34,528;17,675;179,03;40,258;244,093;16,892;1,363;7,069;0,42;0,956;5,428842055;;1;97;27;38,832;22,682;26,11;6,666;42,435;19,921;47,95;29,056;1,13;1,836;1,459;4,359;1,281015783
5;28;182;156,38;91,378;34,538;11,526;181,12;5,315;253,483;1,386;1,4;7,339;0,261;0,12;65,92929293;;5;26;20;38,111;48,337;13,966;18,932;33,79;37,943;66,576;61,64;1,97;4,767;1,625;3,256;1,275213604
5;49;210;167,9;91,343;41,349;7,524;209,872;6,437;252,478;1,485;1,203;6,106;0,231;0,197;61,51043771;;5;71;5;7,735;9,091;2,802;4,13;6,174;5,339;14,23;11,55;2,305;5,079;2,163;2,797;1,270487295
2;76;175;148,701;91,288;35,92;15,303;164,814;48,372;245,368;10,15;1,489;6,831;0,21;0,663;8,993891626;;4;99;61;63,79;26,31;62,701;17,288;70,33;24,325;58,339;33,354;0,83;0,93;1,371;1,929;1,267730901
2;20;159;147,168;91,139;33,526;10,7;160,733;40,436;247,245;7,453;1,538;7,375;0,184;0,697;12,22849859;;5;94;8;11,983;14,062;5,019;6,91;10,174;10,086;20,755;17,748;2,04;4,135;1,76;2,568;1,262124876
2;52;154;143,955;90,783;41,094;14,973;153,275;68,326;237,494;20,371;1,549;5,779;0,298;1,361;4,456482254;;5;70;6;11,053;14,531;4,792;8,489;8,128;10,087;20,24;18,098;2,49;4,224;1,794;2,132;1,245475191
2;64;159;147,96;90,44;34,493;17,164;163,598;37,943;245,789;10,676;1,502;7,126;0,281;0,622;8,47133758;;1;96;34;42,894;22,981;27,888;7,404;46,798;18,777;53,997;28,518;1,154;1,936;1,519;3,852;1,240938166
5;37;182;156,453;90,321;36,064;3,214;180,046;6,376;253,25;1,642;1,407;7,022;0,258;0,511;55,00669915;;4;89;69;77,493;39,092;64,355;25,514;82,579;36,315;85,544;48,494;1,036;1,329;1,335;1,901;1,240509567
2;75;140;135,018;89,714;31,749;11,709;137,614;47,769;235,691;30,337;1,713;7,424;0,635;2,591;2,957246926;;5;92;13;20,339;23,683;7,72;10,054;16,142;16,2;37,154;29,318;2,302;4,813;1,81;2,916;1,237934383
2;69;157;148,613;89,468;47,326;29,279;175,33;68,711;223,182;43,612;1,273;4,716;0,635;1,49;2,051453728;;5;95;7;11,909;12,37;5,63;6,395;9,946;8,934;20,15;15,073;2,026;3,579;1,687;2,357;1,21851253
5;47;150;135,978;89,455;24,934;4,063;144,354;25,907;238,646;19,424;1,653;9,571;0,75;4,781;4,605385091;;1;98;34;42,142;21,496;27,93;7,956;46,349;18,074;52,149;26,008;1,125;1,867;1,439;3,269;1,209899516
2;79;146;156,265;88,87;51,661;30,942;170,749;58,197;246,384;8,712;1,443;4,769;0,15;0,282;10,20087236;;5;56;15;23,287;27,848;11,035;17,398;20,741;22,713;38,086;33,65;1,836;3,451;1,482;1,934;1,208345303
2;30;124;138,535;88,834;35,258;8,966;131,667;26,44;248,68;7,039;1,889;7,053;0,266;0,785;12,62025856;;1;70;27;26,89;4,646;22,773;2,095;29,038;1,89;28,859;5,599;0,994;1,267;2,962;2,672;1,205122686
2;31;187;156,541;88,48;49,808;23,004;180,534;62,057;239,28;17,099;1,325;4,804;0,276;0,743;5,174571612;;1;95;35;42,802;22,314;27,518;9,394;47,453;17,91;53,434;26,767;1,126;1,942;1,495;2,849;1,199560814
2;78;117;126,47;87,841;28,426;9,934;116,304;28,34;234,682;28,643;2,018;8,256;1,011;2,883;3,066752784;;1;71;35;65,873;63,973;35,163;27,709;64,747;61,163;97,707;76,23;1,509;2,779;1,246;2,751;1,191596455
2;21;178;159,494;87,522;49,149;21,518;181,594;44,867;247,739;7,259;1,364;5,041;0,162;0,337;12,05703265;;1;99;35;42,858;20,947;28,726;7,911;47,142;18,062;52,704;24,75;1,118;1,835;1,37;3,129;1,181553444
2;33;138;138,734;86,605;44,246;21,288;154,048;70,505;217,907;40,573;1,415;4,925;0,575;1,906;2,134547606;;5;36;17;29,31;33,019;10,256;16,285;25,202;24,25;52,474;38,743;2,082;5,116;1,598;2,379;1,173354735
2;63;160;147,332;86,545;43,779;12,602;156,862;47,589;241,355;19,802;1,539;5,513;0,416;1,571;4,370518129;;5;15;38;57,231;56,814;25,342;27,702;45,674;38,375;100,677;66,374;2,204;3,973;1,73;2,396;1,168268385
2;42;150;144,934;86,037;41,603;15,052;153,917;45,31;239,283;16,364;1,555;5,752;0,361;1,087;5,257699829;;1;60;35;53,187;35,919;26,659;7,041;46,782;15,411;86,12;41,882;1,841;3,23;2,718;5,949;1,166012417
2;89;130;133,007;85,63;35,016;18,35;129,616;33,801;234,39;25,018;1,808;6,694;0,74;1,363;3,42273563;;4;97;126;128,337;35,21;115,499;25,374;135,198;33,912;134,312;40,961;0,993;1,163;1,208;1,614;1,16333428
5;58;169;146,282;85,437;48,226;24,982;165,702;55,041;224,918;45,485;1,357;4,664;0,826;1,821;1,878355502;;5;5;33;55,78;58,348;28,43;34,191;49,085;49,993;89,824;67,776;1,83;3,159;1,356;1,982;1,161582231
2;88;134;144,827;85,272;44,165;17,21;145,648;36,069;244,669;10,707;1,68;5,54;0,297;0,622;7,964135612;;4;79;74;82,501;45,985;60,728;28,757;86,36;43,354;100,416;53,174;1,163;1,654;1,227;1,849;1,156333587
2;32;225;173,442;84,717;68,446;26,945;212,021;58,526;239,859;21,359;1,131;3,504;0,365;0,793;3,966337375;;4;90;57;63,225;33,438;45,306;20,888;67,39;29,957;76,979;38,638;1,142;1,699;1,29;1,85;1,155511693
2;87;205;167,446;84,422;53,928;17,784;201,704;25,546;246,707;8,379;1,223;4,575;0,328;0,471;10,07542666;;1;73;43;45,432;16,135;30,189;3,391;49,662;7,264;56,445;18,581;1,137;1,87;2,558;5,479;1,15159591
3;74;42;82,41;84,382;46,854;61,291;80,486;79,06;119,888;93,175;1,49;2,559;1,179;1,52;0,905629192;;5;4;47;61,279;59,219;30,646;31,384;51,941;47,78;101,251;68,04;1,949;3,304;1,424;2,168;1,148955572
2;22;220;174,623;84,143;62,296;20,712;213,438;34,898;248,136;8,078;1,163;3,983;0,231;0,39;10,41631592;;5;96;8;12,49;12,376;5,226;5,747;10,362;9,023;21,883;14,124;2,112;4,188;1,565;2,458;1,141241112
2;54;97;109,741;83,727;32,698;33,416;113,005;76,467;183,52;51,741;1,624;5,613;0,677;1,548;1,618194469;;5;79;8;11,68;10,798;5,768;6,413;9,41;7,338;19,862;12,155;2,111;3,444;1,656;1,895;1,125671421
2;53;224;176,655;83,718;66,245;30,533;218,238;36,257;245,482;11,08;1,125;3,706;0,306;0,363;7,555776173;;2;38;37;41,309;25,48;38,702;18,428;24,886;12,724;60,339;28,417;2,425;1,559;2,233;1,542;1,115266876
5;72;127;131,538;82,35;40,398;29,974;135,31;48,361;218,906;33,968;1,618;5,419;0,702;1,133;2,424340556;;5;64;21;29,413;26,605;14,035;14,236;23,28;17,862;50,923;29,41;2,187;3,628;1,647;2,066;1,10543131
5;57;121;123,096;82,288;27,824;9,109;124,661;35,512;216,803;33,308;1,739;7,792;0,938;3,656;2,470517593;;5;24;39;53,428;50,028;23,608;23,408;40,683;32,302;95,994;55,259;2,36;4,066;1,711;2,361;1,104561446
5;59;164;151,692;82,272;58,299;31,722;172,49;57,321;224,286;39,864;1,3;3,847;0,695;1,257;2,063816978;;4;91;64;87,599;68,03;54,378;41,86;93,08;67,964;115,341;74,897;1,239;2,121;1,102;1,789;1,100940761
3;72;78;102,058;82,06;58,738;67,276;99,616;75,488;147,819;77,462;1,484;2,517;1,026;1,151;1,059358137;;5;65;24;32,627;29,683;14,629;15,495;26,198;19,711;57,053;32,447;2,178;3,9;1,646;2,094;1,093117273
5;27;170;155,775;82,048;50,027;10,502;168,845;9,965;248,454;6,562;1,471;4,966;0,659;0,625;12,50350503;;5;78;8;10,866;9,864;4,867;5,857;9,445;6,959;18,286;10,774;1,936;3,757;1,548;1,84;1,092254663
2;23;90;124,211;81,966;45,461;21,68;128,283;76,604;198,888;44,971;1,55;4,375;0,587;2,074;1,822641258;;5;91;15;23,364;22,18;7,427;6,016;18,262;11,417;44,403;24,222;2,431;5,978;2,122;4,026;1,092064923
5;64;160;150,138;80,902;53,178;32,143;162,938;41,419;234,299;15,443;1,438;4,406;0,373;0,48;5,238748948;;5;25;44;58,163;53,453;25,03;24,238;45,563;35,232;103,894;58,266;2,28;4,151;1,654;2,404;1,090041719
2;84;77;102,416;80,442;31,758;26,764;96,923;59,987;178,566;65,392;1,842;5,623;1,09;2,443;1,230150477;;4;29;136;138,379;57,482;104,982;35,992;140,904;51,349;169,25;62,496;1,201;1,612;1,217;1,736;1,087227306
5;19;174;157,267;80,195;53,28;11,143;172,349;12,758;246,171;7,878;1,428;4,62;0,618;0,707;10,17961412;;1;85;42;44,167;13,987;30,341;3,475;50,811;7,575;51,35;15,182;1,011;1,692;2,004;4,369;1,085436477
5;53;162;152,614;79,498;54,363;30,016;164,875;26,728;238,603;12,114;1,447;4,389;0,453;0,404;6,562489681;;5;46;15;21,554;23,273;8,733;14,888;18,309;18,233;37,621;25,253;2,055;4,308;1,385;1,696;1,085077128
5;51;111;125,233;79,462;50,262;34,178;134,555;68,411;190,88;55,476;1,419;3,798;0,811;1,623;1,43236715;;5;3;44;53,371;45,415;29,954;27,354;42,03;33,691;88,13;49,185;2,097;2,942;1,46;1,798;1,083012221
5;63;180;162,971;79,306;67,174;44,24;180,528;34,247;241,21;11,49;1,336;3,591;0,336;0,26;6,902175805;;1;89;42;43,709;12,695;31,248;2,981;50,11;7,356;49,768;13,694;0,993;1,593;1,862;4,594;1,078692399
2;99;45;87,483;78,957;37,301;19,918;92,445;68,004;132,704;95,361;1,435;3,558;1,402;4,788;0,827979992;;5;77;7;9,161;8,557;3,595;4,285;7,37;5,317;16,517;9,206;2,241;4,594;1,731;2,148;1,075844338
5;65;145;136,434;78,749;60,323;52,103;142,723;60,953;206,254;38,298;1,445;3,419;0,628;0,735;2,056217035;;1;88;42;43,885;12,996;31,224;3,509;50,013;7,654;50,419;13,973;1,008;1,615;1,826;3,982;1,075176978
5;52;198;170,788;78,722;66,189;23,017;197,59;18,228;248,584;4,246;1,258;3,756;0,233;0,184;18,5402732;;1;75;44;45,571;13,411;31,557;2,046;50,891;5,343;54,264;14,371;1,066;1,72;2,69;7,024;1,071583029
2;73;79;104,047;78,021;32,637;20,996;93,059;56,093;186,445;51,626;2,004;5,713;0,92;2,459;1,511273389;;1;86;42;44,218;13,753;30,603;3,302;50,774;7,88;51,277;14,706;1,01;1,676;1,866;4,453;1,069293972
5;83;45;82,821;77,91;56,531;57,996;84,566;81,331;107,365;83,276;1,27;1,899;1,024;1,436;0,935563668;;4;69;104;111,166;50,533;72,886;22,338;113,251;38,414;147,362;53,909;1,301;2,022;1,403;2,413;1,066807829
2;40;62;95,215;77,776;24,59;12,153;68,09;30,185;192,965;42,543;2,834;7,847;1,409;3,501;1,828173848;;1;76;44;45,198;12,973;31,57;2,031;50,818;5,298;53,208;13,83;1,047;1,685;2,61;6,81;1,066060279
2;74;78;104,305;77,756;34,221;11,985;86,762;44,156;191,931;56,097;2,212;5,609;1,27;4,681;1,386099078;;4;19;130;130,97;62,343;96,586;42,184;133,971;57,396;162,354;66,408;1,212;1,681;1,157;1,574;1,065203792
2;10;110;131,446;77,506;53,651;20,173;140,102;56,643;200,586;59,15;1,432;3,739;1,044;2,932;1,31032967;;4;98;81;76,299;46,92;62,4;40,042;81,925;47,033;84,571;49,959;1,032;1,355;1,062;1,248;1,064769821
5;54;130;132,581;77,026;41,379;19,428;133,333;25,26;223,032;16,843;1,673;5,39;0,667;0,867;4,5731758;;4;96;148;135,882;44,3;107,848;30,687;147,118;39,162;152,68;47,094;1,038;1,416;1,203;1,535;1,063069977
5;61;73;96,893;77,017;55,07;60,944;96,798;78,859;138,81;65,998;1,434;2,521;0,837;1,083;1,166959605;;2;58;16;21,075;16,282;18,818;9,247;8,619;6,049;35,787;17,219;4,152;1,902;2,847;1,862;1,057548213
2;41;59;96,503;76,851;27,846;13,284;83,24;53,324;178,424;55,657;2,143;6,407;1,044;4,19;1,380796665;;2;41;58;64,017;56,702;41,414;38,779;44,517;43,469;106,12;59,902;2,384;2,562;1,378;1,545;1,056435399
1;84;200;173,201;76,574;109,528;40,556;193,594;69,53;216,48;69,054;1,118;1,976;0,993;1,703;1,108900281;;5;6;25;33,387;31,755;17,947;22,724;27,546;25,831;54,667;33,409;1,985;3,046;1,293;1,47;1,052086286
5;36;97;117,656;75,24;34,189;9,624;112,966;31,767;205,813;33,481;1,822;6,02;1,054;3,479;2,247244706;;1;87;42;43,77;13,575;30,128;3,443;50,405;7,689;50,776;14,235;1,007;1,685;1,851;4,135;1,048618785
2;83;61;90,694;73,897;33,928;20,935;84,685;55,765;153,469;75,068;1,812;4,523;1,346;3,586;0,98440081;;2;40;40;52,15;51,645;34,368;38,679;35,165;42,038;86,917;54,083;2,472;2,529;1,287;1,398;1,047206893
5;43;169;163,315;73,548;75,587;37,371;176,478;35,473;237,88;11,991;1,348;3,147;0,338;0,321;6,1336002;;1;74;45;45,582;14,396;30,179;2,298;51,355;5,128;55,213;15,06;1,075;1,829;2,937;6,554;1,046123923
3;75;29;63,793;73,149;34,92;50,39;58,621;65,964;97,837;84,512;1,669;2,802;1,281;1,677;0,865545721;;2;49;7;7,206;1,236;7,446;1,012;6,336;0,825;7,837;1,29;1,237;1,052;1,563;1,274;1,04368932
5;55;109;119,36;72,758;39,234;17,793;116,168;35,468;202,678;30,567;1,745;5,166;0,862;1,718;2,380279386;;1;84;34;36,171;10,052;27,578;4,322;42,346;7,542;38,589;10,476;0,911;1,399;1,389;2,424;1,042180661
2;86;83;110,734;72,628;37,174;15,66;93,15;27,9;201,878;27,809;2,167;5,431;0,997;1,776;2,61167248;;2;59;16;20,533;15,271;20,104;9,913;8,074;5,209;33,421;15,895;4,14;1,662;3,052;1,603;1,040861764
2;59;79;98,94;71,664;33,426;21,08;88,37;46,864;175,024;50,733;1,981;5,236;1,083;2,407;1,412571699;;2;39;41;42,919;24,353;40,843;17,466;25,478;12,045;62,437;25,291;2,451;1,529;2,1;1,448;1,038516815
5;44;117;126,252;71,552;42,974;16,865;123,688;23,417;212,094;14,69;1,715;4,935;0,627;0,871;4,87079646;;5;14;54;67,13;56,254;31,771;28,181;52,982;37,257;116,635;58,396;2,201;3,671;1,567;2,072;1,038077292
2;98;47;77,564;71,029;40,149;23,439;79,003;64,15;113,539;88,174;1,437;2,828;1,374;3,762;0,805554925;;5;76;6;8,411;8,729;3,477;5,835;6,866;6,615;14,89;9,06;2,169;4,283;1,37;1,553;1,037919578
2;68;67;92,443;70,879;21,482;12,464;76,808;26,668;179,04;37,763;2,331;8,335;1,416;3,03;1,876943039;;1;77;43;44,614;12,407;31,234;1,858;49,981;4,808;52,627;12,774;1,053;1,685;2,657;6,875;1,029580076
2;44;61;89,525;70,708;30,858;21,785;85,016;65,107;152,702;53,215;1,796;4,949;0,817;2,443;1,328723104;;5;7;55;67,012;56,118;34,36;34,403;57,43;44,724;109,246;57,639;1,902;3,179;1,289;1,675;1,027103603
5;73;198;171,894;70,567;102,826;56,044;190,451;52,592;222,405;36,961;1,168;2,163;0,703;0,66;1,909228646;;1;78;43;44,813;11,564;32,406;1,865;50,077;5,117;51,957;11,782;1,038;1,603;2,303;6,319;1,018851608
5;74;220;189,063;70,325;128,018;74,851;212,482;53,153;226,69;26,801;1,067;1,771;0,504;0,358;2,623969255;;4;59;117;123,229;68,032;101,568;62,462;122,155;64,879;145,965;69,187;1,195;1,437;1,066;1,108;1,016977305
2;85;69;93,594;70,325;32,93;25,854;82,59;54,135;165,261;47,963;2,001;5,019;0,886;1,855;1,466234389;;4;39;140;141,385;55,516;101,291;30,65;138,502;41,917;184,36;55,562;1,331;1,82;1,326;1,813;1,00082859
4;52;97;112,286;70,154;115,067;74,555;114,096;70,191;107,694;65,172;0,944;0,936;0,928;0,874;1,076443872;;5;63;28;35,033;28,589;16,558;15,466;27,704;18,51;60,835;28,451;2,196;3,674;1,537;1,84;0,995172969
5;18;156;152,519;70,024;66,56;11,968;155,522;10,961;235,475;12,926;1,514;3,538;1,179;1,08;5,417298468;;1;91;29;32,006;12,065;25,562;8,853;36,678;12,155;33,778;12,002;0,921;1,321;0,987;1,356;0,994778284
5;84;65;85,982;69,883;39,52;43,412;84,102;64,245;134,325;64,339;1,597;3,399;1,001;1,482;1,086168576;;2;57;24;30,142;23,318;24,482;12,151;12,57;8,386;53,374;23,078;4,246;2,18;2,752;1,899;0,989707522
1;93;53;80,51;69,207;48,795;40,687;78,096;61,48;114,64;82,202;1,468;2,349;1,337;2,02;0,841913822;;5;2;34;39,517;32,906;23,213;22,7;29,378;24,587;65,962;32,567;2,245;2,842;1,325;1,435;0,989697927
2;43;69;95,371;68,98;27,331;13,721;82,87;36,845;175,91;38,166;2,123;6,436;1,036;2,782;1,807367814;;1;90;26;28,245;9,012;23,859;6,876;31,782;9,205;29,094;8,897;0,915;1,219;0,967;1,294;0,987239237
2;12;97;122,779;68,7;59,142;11,186;126,912;51,145;182,282;61,733;1,436;3,082;1,207;5,519;1,112856981;;2;50;56;57,093;42,798;37,645;27,658;40,867;32,169;92,768;42,202;2,27;2,464;1,312;1,526;0,986074116
5;26;140;143,607;68,202;63,63;11,762;140,194;14,308;226,998;15,795;1,619;3,567;1,104;1,343;4,317948718;;4;83;95;96,787;57,437;60,05;40,707;107,021;54,027;123,29;56,25;1,152;2,053;1,041;1,382;0,979333879
2;11;125;137,271;67,122;68,835;19,884;145,597;45,872;197,381;51,483;1,356;2,867;1,122;2,589;1,303770177;;1;92;35;39,273;13,169;29,786;7,982;45,736;12,233;42,296;12,882;0,925;1,42;1,053;1,614;0,978206394
1;85;82;101,446;66,675;72,483;34,726;103,774;66,103;128,08;78,787;1,234;1,767;1,192;2,269;0,846269055;;3;56;99;102,87;46,513;78,117;37,112;118,171;46,139;112,323;45,255;0,951;1,438;0,981;1,219;0,972953798
3;71;37;66,602;65,258;30,432;35,534;61,398;53,12;107,974;75,129;1,759;3,548;1,414;2,114;0,868612653;;2;42;74;77,527;61,333;47,016;39,874;58,478;48,835;127,088;59,667;2,173;2,703;1,222;1,496;0,972836809
4;62;50;84,925;65,133;81,542;70,061;85,816;65,25;87,416;59,518;1,019;1,072;0,912;0,85;1,094341208;;5;18;54;75,958;65,37;26,557;27,117;65,542;43,752;135,776;63,585;2,072;5,113;1,453;2,345;0,972693896
5;34;154;150,219;63,642;83,218;38,018;152,214;38,545;215,224;22,387;1,414;2,586;0,581;0,589;2,84281056;;4;58;149;148,862;60,32;104,424;37,633;151,832;48,927;190,33;58,33;1,254;1,823;1,192;1,55;0,967009284
1;94;39;63,947;62,803;44,469;43,443;66,091;63,623;81,282;72,202;1,23;1,828;1,135;1,662;0,869823551;;2;46;64;69,506;54,026;41,325;29,183;47,597;37,463;119,597;52,136;2,513;2,894;1,392;1,787;0,965016844
4;42;155;134,706;62,491;145,526;67,683;136,208;60,934;122,384;56,127;0,899;0,841;0,921;0,829;1,113385715;;5;35;47;58,068;48,421;25,157;23,052;43,712;28,279;105,336;46,682;2,41;4,187;1,651;2,025;0,964085831
5;41;157;156,742;62,14;97,56;38,936;162,688;51,06;209,979;32,999;1,291;2,152;0,646;0,848;1,883087366;;1;79;45;44,709;11,619;31,763;1,921;50,59;4,875;51,774;11,199;1,023;1,63;2,297;5,829;0,963852311
5;75;59;77,239;61,431;21,746;9,795;72,512;36,523;137,459;56,242;1,896;6,321;1,54;5,742;1,092262011;;5;66;13;17,947;17,504;7,234;12,353;15,368;13,634;31,24;16,808;2,033;4,319;1,233;1,361;0,96023766
4;73;72;96,627;61,195;51,256;21,391;86,474;36,428;152,15;64,849;1,76;2,968;1,78;3,032;0,943653719;;5;62;27;34,325;29,233;17,686;20,006;27,576;22,548;57,712;28,029;2,093;3,263;1,243;1,401;0,958813669
4;33;151;127,887;60,096;139,456;65,501;129,134;58,484;115,072;53,142;0,891;0,825;0,909;0,811;1,130856949;;3;59;89;98,341;41,873;77,456;35,607;110,422;41,491;107,146;40,137;0,97;1,383;0,967;1,127;0,958541303
1;83;139;150,098;59,871;96,413;24,08;140,792;33,221;213,09;46,189;1,514;2,21;1,39;1,918;1,296217714;;3;44;70;77,614;32,553;58,795;24,542;89,339;32,666;84,707;31,108;0,948;1,441;0,952;1,268;0,95561085
5;67;56;72,566;59,478;24,728;16,392;64,67;36,414;128,299;59,677;1,984;5,188;1,639;3,641;0,996665382;;5;8;51;60,281;51,27;28,843;30,762;48,515;39,334;103,485;48,981;2,133;3,588;1,245;1,592;0,955354008
5;46;81;90,717;59,296;26,104;9,431;81,386;13,919;164,661;23,145;2,023;6,308;1,663;2,454;2,561935623;;3;39;80;84,887;28,672;68,819;23,772;94,734;27,541;91,107;27,364;0,962;1,324;0,994;1,151;0,95438058
3;73;22;50,707;59,054;23,198;37,379;43,706;47,252;85,216;69,538;1,95;3,673;1,472;1,86;0,849233513;;2;48;7;7,111;1,257;7,027;0,424;5,973;0,578;8,333;1,198;1,395;1,186;2,074;2,823;0,953062848
2;62;45;66,329;58,444;27,949;13,665;48,47;37,518;122,566;60,813;2,529;4,385;1,621;4,45;0,961044514;;5;0;36;43,525;33,791;24,07;18,451;30,763;21,672;75,742;32,189;2,462;3,147;1,485;1,745;0,952590927
5;42;216;192,127;58,312;115,251;26,85;215,133;10,248;245,997;5,827;1,143;2,134;0,569;0,217;10,00720783;;5;68;33;41,984;35,471;18,064;17,167;31,029;20,883;76,859;33,693;2,477;4,255;1,613;1,963;0,949874545
5;45;81;92,142;57,444;29,061;8,532;82,904;12,319;164,461;19,504;1,984;5,659;1,583;2,286;2,945242002;;3;82;104;108,857;40,833;77,157;29,464;123,915;33,569;125,499;38,709;1,013;1,627;1,153;1,314;0,947983249
5;62;227;199,431;56,915;135,758;53,504;226,005;23,808;236,53;12,319;1,047;1,742;0,517;0,23;4,620099034;;4;93;102;99,598;49,209;60,323;27,785;107,294;41,457;131,176;46,636;1,223;2,175;1,125;1,678;0,947712817
1;75;199;184,656;56,659;117,704;17,952;193,493;33,513;242,771;15,722;1,255;2,063;0,469;0,876;3,603803587;;3;36;82;87,382;41,637;64,91;36,076;101,04;39,776;96,197;39,345;0,952;1,482;0,989;1,091;0,944952806
2;97;46;63,499;56,517;39,36;17,734;61,957;54,181;89,179;71,33;1,439;2,266;1,317;4,022;0,792331417;;5;19;58;69,154;54,844;32,262;28,575;54,651;36,274;120,549;51,754;2,206;3,737;1,427;1,811;0,943658376
2;57;42;65,871;55,24;19,325;13,231;52,92;37,434;125,37;41,274;2,369;6,487;1,103;3,119;1,338372826;;1;93;39;42,045;13,071;31,259;7,489;49,312;11,11;45,565;12,309;0,924;1,458;1,108;1,644;0,941703007
5;17;136;142,644;55,059;81,614;10,804;135,115;12,462;211,202;18,462;1,563;2,588;1,481;1,709;2,982287943;;3;47;107;113,165;48,605;85,491;42,452;129,542;45,195;124,462;45,617;0,961;1,456;1,009;1,075;0,938524843
1;20;94;99,852;54,555;85,538;49,228;101,787;52,388;112,232;58,301;1,103;1,312;1,113;1,184;0,935747243;;3;16;111;113,011;44,625;89,293;40,443;127,981;41,698;121,76;41,674;0,951;1,364;0,999;1,03;0,933871148
1;10;79;91,979;54,448;82,885;50,649;93,81;53,174;99,242;57,983;1,058;1,197;1,09;1,145;0,939033855;;2;51;51;54,045;39,861;36,051;24,771;33,811;23,957;92,272;37,212;2,729;2,559;1,553;1,502;0,933544066
2;51;31;55,246;53,662;20,738;9,906;41,365;38,518;103,635;57,724;2,505;4,997;1,499;5,827;0,929630656;;3;30;95;100,996;38,192;78,381;33,496;114,05;34,788;110,558;35,642;0,969;1,411;1,025;1,064;0,93323209
5;35;86;95,376;52,892;36,994;7,737;85,736;7,298;163,398;12,286;1,906;4,417;1,684;1,588;4,305062673;;3;34;91;92,612;37,062;71,534;32,507;104,299;34,637;102,002;34,574;0,978;1,426;0,998;1,064;0,932869246
1;1;146;134,448;51,605;122,826;48,654;136,598;49,699;143,92;54,061;1,054;1,172;1,088;1,111;0,954569838;;3;92;109;118,517;46,654;80,453;30,128;138,56;39,413;136,538;43,514;0,985;1,697;1,104;1,444;0,932696017
1;21;130;126,202;50,898;111,379;46,5;127,205;48,746;140,021;53,12;1,101;1,257;1,09;1,142;0,958170181;;3;72;109;115,346;48,377;81,035;37,068;133,269;42,985;131,733;45,082;0,988;1,626;1,049;1,216;0,931889121
4;94;117;112,898;50,852;111,576;50,053;111,595;48,198;115,522;54,028;1,035;1,035;1,121;1,079;0,941215666;;3;53;88;92,097;33,861;69,739;27,226;105,222;30,791;101,33;31,512;0,963;1,453;1,023;1,157;0,930628156
1;0;122;114,914;50,71;104,661;47,906;116,4;49,487;123,68;52,787;1,063;1,182;1,067;1,102;0,960653191;;3;7;124;128,14;43,772;108,187;43,377;140,651;40,038;135,581;40,663;0,964;1,253;1,016;0,937;0,928972859
5;9;126;134,487;50,431;80,491;9,169;126,195;15,673;196,776;20,878;1,559;2,445;1,332;2,277;2,415509148;;3;64;115;116,055;47,742;83,118;35,658;134,306;44,365;130,742;44,322;0,973;1,573;0,999;1,243;0,928364962
1;12;123;121,497;50,371;110,557;48,309;123,501;49,261;130,432;51,457;1,056;1,18;1,045;1,065;0,978895;;3;29;85;87,42;31,657;69,08;27,644;98,338;29,681;94,842;29,168;0,964;1,373;0,983;1,055;0,921375999
1;11;91;99,247;50,247;89,333;47,461;101,958;48,627;106,451;52,91;1,044;1,192;1,088;1,115;0,94966925;;3;54;75;81,443;32,608;60,186;24,933;94,81;31,194;89,333;30,038;0,942;1,484;0,963;1,205;0,921184985
1;2;165;148,084;50,092;135,741;47,012;150,646;48,47;157,864;52,093;1,048;1,163;1,075;1,108;0,961587929;;5;29;67;80,039;62,843;33,037;28,574;66,63;40,532;140,451;57,879;2,108;4,251;1,428;2,026;0,9210095
2;58;40;59,06;49,467;13,63;11;43,064;17,953;120,485;28,372;2,798;8,839;1,58;2,579;1,743514733;;3;50;97;102,626;39,126;80,592;35,604;115,685;35,999;111,602;35,951;0,965;1,385;0,999;1,01;0,918851914
5;56;67;77,634;49,262;25,304;9,724;68,907;13,252;138,691;21,618;2,013;5,481;1,631;2,223;2,27874919;;3;15;121;126,974;44,386;106,728;44,773;140,046;40,139;134,149;40,772;0,958;1,257;1,016;0,911;0,91857793
1;31;124;120,092;48,705;102,45;44,566;121,386;44,623;136,442;50,585;1,124;1,332;1,134;1,135;0,962834832;;3;46;74;79,42;34,482;57,819;28,078;92,912;32,587;87,53;31,659;0,942;1,514;0,972;1,128;0,918131199
1;63;97;104,954;48,566;86,872;42,759;106,24;41,345;121,75;54,107;1,146;1,401;1,309;1,265;0,897591809;;3;33;101;102,839;35,878;81,901;32,054;114,506;33,005;112,112;32,93;0,979;1,369;0,998;1,027;0,917832655
4;45;116;119,519;47,367;91,194;36,069;109,898;25,504;157,467;49,441;1,433;1,727;1,939;1,371;0,95805101;;3;91;95;98,097;36,699;66,413;21,948;117,445;29,971;110,432;33,618;0,94;1,663;1,122;1,532;0,916046759
4;67;117;111,136;47,345;117,349;48,359;110,05;46,454;106,01;46,498;0,963;0,903;1,001;0,962;1,018215837;;1;94;38;40,783;13,181;30,482;8,905;47,23;11,564;44,637;12,069;0,945;1,464;1,044;1,355;0,915636143
1;73;140;141,693;47,272;113,491;33,215;134,296;34,715;177,293;47,729;1,32;1,562;1,375;1,437;0,990425108;;3;17;114;118,35;43,332;92,355;37,928;134,747;39,907;127,947;39,564;0,95;1,385;0,991;1,043;0,913043478
1;65;188;188,351;47,22;133,686;11,044;188,312;19,578;243,054;14,254;1,291;1,818;0,728;1,291;3,312754315;;5;72;4;6,194;5,354;2,901;3,309;4,323;3,197;11,358;4,881;2,627;3,916;1,527;1,475;0,911654838
3;66;50;63,213;46,961;20,734;10,347;50,658;18,758;118,246;34,152;2,334;5,703;1,821;3,301;1,375058562;;3;68;124;132,067;52,755;94,389;39,517;154,819;48,245;146,994;47,957;0,949;1,557;0,994;1,214;0,909051275
2;50;30;54,63;46,857;17,614;5,922;31,338;9,976;114,939;30,038;3,668;6,525;3,011;5,072;1,559924096;;3;18;115;118,919;44,348;91,306;38,521;135,88;40,41;129,571;40,245;0,954;1,419;0,996;1,045;0,907481735
4;82;66;78,457;46,764;46,915;24,662;69,602;30,21;118,853;48,318;1,708;2,533;1,599;1,959;0,967838073;;5;32;46;54,803;44,058;22,29;18,294;41,8;24,379;100,32;39,955;2,4;4,501;1,639;2,184;0,906872759
2;13;76;90,623;46,227;55,066;12,766;83,258;27,28;133,546;48,401;1,604;2,425;1,774;3,791;0,955083573;;3;48;95;98,118;36,812;74,16;31,256;112,47;33,208;107,725;33,367;0,958;1,453;1,005;1,068;0,906416386
3;64;49;66,761;45,979;21,051;5,376;51,995;11,326;127,237;14,846;2,447;6,044;1,311;2,762;3,097063182;;3;60;91;98,463;44,031;69,917;36,317;116,347;40,696;109,126;39,907;0,938;1,561;0,981;1,099;0,906338716
4;78;97;90,314;45,926;98,723;49,971;89,525;44,793;82,693;41,165;0,924;0,838;0,919;0,824;1,115656504;;3;58;117;118,232;43,918;92,029;38,838;134,09;40,665;128,578;39,74;0,959;1,397;0,977;1,023;0,904868163
1;41;74;85,433;45,813;71,898;40,103;86,965;42,666;97,437;50,38;1,12;1,355;1,181;1,256;0,909348948;;3;25;109;108,898;34,075;87,509;29,66;121,931;30,922;117,254;30,825;0,962;1,34;0,997;1,039;0,904622157
5;33;198;189,266;45,724;133,379;23,318;197,418;14,633;237,002;6,76;1,201;1,777;0,462;0,29;6,763905325;;5;34;42;50,368;39,957;24,638;21,702;36,877;25,174;89,589;36,094;2,429;3,636;1,434;1,663;0,90332107
1;74;168;181,43;45,102;131,536;9,17;178,312;21,83;234,442;15,245;1,315;1,782;0,698;1,662;2,95847819;;3;37;98;100,433;37,766;76,56;33,228;114,702;33,877;110,035;34,078;0,959;1,437;1,006;1,026;0,902346026
3;65;48;61,07;44,517;19,506;9,246;47,469;15,254;116,235;25,908;2,449;5,959;1,698;2,802;1,718272348;;3;43;94;94,225;34,057;72,054;29,387;107,333;30,509;103,286;30,656;0,962;1,433;1,005;1,043;0,900138004
5;25;101;111,338;44,326;68,098;20,167;99,746;14,809;166,171;16,051;1,666;2,44;1,084;0,796;2,761572488;;3;11;104;107,338;36,009;83,054;30,63;121,61;31,75;117,35;32,404;0,965;1,413;1,021;1,058;0,89988614
5;82;21;38,378;44,148;19,907;23,551;32,139;36,171;63,086;54,713;1,963;3,169;1,513;2,323;0,806901468;;2;52;49;56,506;43,033;35,262;23,384;34,17;25,747;100,086;38,684;2,929;2,838;1,502;1,654;0,898938024
1;42;111;111,124;44,013;99,234;41,057;111,499;41,622;122,64;46,035;1,1;1,236;1,106;1,121;0,956076898;;3;49;88;87,439;28,4;68,861;23,513;99,216;26,181;94,242;25,519;0,95;1,369;0,975;1,085;0,898556338
4;77;101;105,125;43,597;102,155;39,317;101,203;42,326;112,018;47,887;1,107;1,097;1,131;1,218;0,9104141;;5;69;39;50,882;42,848;17,451;14,731;38,704;21,518;96,491;38,494;2,493;5,529;1,789;2,613;0,898384989
2;47;29;42,199;43,564;16,405;17,399;29,877;27,846;80,317;48,428;2,688;4,896;1,739;2,783;0,899562237;;4;50;144;137,44;67,994;100,885;61,811;143,89;63,522;167,546;61,071;1,164;1,661;0,961;0,988;0,898182193
3;67;43;56,058;43,473;18,984;8,778;43,242;17,286;105,949;35,581;2,45;5,581;2,058;4,054;1,221803772;;4;20;183;168,561;64,557;141,758;65,301;176,197;61,214;187,728;57,855;1,065;1,324;0,945;0,886;0,896184767
2;56;45;61,776;43,049;24,24;9,676;47,88;17,002;113,208;30,49;2,364;4,67;1,793;3,151;1,411905543;;3;83;111;114,008;38,446;80,24;26,186;131,73;29,155;130,054;34,448;0,987;1,621;1,182;1,316;0,896009988
4;87;54;65,734;42,993;64,92;43,631;64,997;42,887;67,285;42,411;1,035;1,036;0,989;0,972;1,013722855;;4;9;141;141,482;56,139;101,808;41,309;141,869;45,94;180,77;50,199;1,274;1,776;1,093;1,215;0,894191204
2;55;31;50,259;42,92;13,482;9,415;33,539;14,97;103,757;26,825;3,094;7,696;1,792;2,849;1,6;;3;66;128;124,949;43,918;93,958;35,208;141,474;39,567;139,416;39,223;0,985;1,484;0,991;1,114;0,893096225
1;56;168;178,679;42,767;137,675;11,56;173,646;28,488;224,717;26,751;1,294;1,632;0,939;2,314;1,59870659;;3;62;118;120,686;45,182;83,709;31,6;141,714;37,907;136,637;40,308;0,964;1,632;1,063;1,276;0,892125183
5;2;62;87,719;42,544;147,334;3,75;54,619;5,797;61,205;5,443;1,121;0,415;0,939;1,452;7,816277788;;3;2;128;133,25;39,35;111,123;37,991;146,17;35,055;142,458;35,096;0,975;1,282;1,001;0,924;0,891893266
4;43;49;62,548;41,66;63,373;43,333;63,854;41,666;60,416;39,825;0,946;0,953;0,956;0,919;1,046076585;;5;73;4;5,244;4,416;1,81;1,512;3,858;1,955;10,064;3,931;2,609;5,561;2,011;2,601;0,890172101
5;24;167;169,028;41,585;135,387;33,109;161,854;28,033;209,842;21,377;1,296;1,55;0,763;0,646;1,945315058;;3;69;128;127,426;47,112;91,678;32,025;148,694;43,984;141,906;41,934;0,954;1,548;0,953;1,309;0,890091696
5;69;17;31,574;41,518;19,374;25,293;29,093;35,846;46,256;53,628;1,59;2,387;1,496;2,12;0,774185127;;3;3;137;137,475;39,189;113,094;36,289;151,987;34,301;147,344;34,806;0,969;1,303;1,015;0,959;0,888157391
4;57;130;124,497;41,512;134,216;41,601;126,464;40,804;112,81;39,232;0,892;0,841;0,961;0,943;1,058115824;;3;61;84;88,043;35,305;63,501;29,441;103,429;31,108;97,198;31,335;0,94;1,531;1,007;1,064;0,887551338
5;66;61;69,866;40,562;26,242;6,577;61,355;7,996;122;11,622;1,988;4,649;1,453;1,767;3,490104973;;3;40;95;99,063;39,727;72,693;35,128;115,256;34,731;109,242;35,118;0,948;1,503;1,011;1;0,883983185
4;63;52;64,523;40,53;42,83;21,374;58,475;27,037;92,262;49,633;1,578;2,154;1,836;2,322;0,816593798;;3;55;107;112,943;41,473;80,589;29,562;132,77;36,689;125,472;36,65;0,945;1,557;0,999;1,24;0,883707472
4;69;74;76,655;40,418;87,722;45,096;76,454;38,804;65,789;33,479;0,86;0,75;0,863;0,742;1,207264255;;4;10;154;147,098;61,667;102,461;45,151;154,848;54,656;183,986;54,493;1,188;1,796;0,997;1,207;0,883665494
1;57;123;134,881;40,341;115,171;16,786;126,323;28,246;163,147;50,417;1,292;1,417;1,785;3,003;0,800146776;;3;20;121;121,91;42,401;92,853;36,482;138,699;37,206;134,179;37,439;0,967;1,445;1,006;1,026;0,882974458
5;3;73;95,65;40,239;151,667;2,795;64,264;7,586;71,018;7,904;1,105;0,468;1,042;2,828;5,090966599;;3;41;96;98,593;34,428;74,904;30,328;111,466;29,512;109,41;30,353;0,982;1,461;1,028;1,001;0,88163704
4;0;123;132,084;40,085;141,872;38,168;134,85;39,228;119,531;39,543;0,886;0,843;1,008;1,036;1,013706598;;5;17;86;101,412;74,281;37,41;30,598;103,064;57,884;163,762;65,421;1,589;4,378;1,13;2,138;0,8807232
1;22;165;156,025;39,876;139,554;36,286;156,525;36,785;171,995;39,671;1,099;1,232;1,078;1,093;1,005167503;;3;19;108;109,455;38,156;85,426;35,259;124,658;33,343;118,283;33,561;0,949;1,385;1,007;0,952;0,879573331
1;53;139;127,62;39,351;113,069;37,767;128,73;34,103;141,061;40,774;1,096;1,248;1,196;1,08;0,965100309;;3;5;117;118,929;37,198;95,795;34,719;133,062;32,59;127,93;32,674;0,961;1,335;1,003;0,941;0,878380558
5;16;123;135,793;39,286;98,776;10,254;122,568;9,363;186,035;19,179;1,518;1,883;2,048;1,87;2,048386256;;3;63;139;135,9;51,226;93,376;35,591;157,037;43,236;157,286;44,986;1,002;1,684;1,04;1,264;0,878186858
4;29;117;114,999;38,898;124,944;39,014;116,842;38,598;103,213;35,861;0,883;0,826;0,929;0,919;1,084688101;;3;93;118;125,139;45,879;83,28;26,819;147,77;36,79;144,366;40,098;0,977;1,734;1,09;1,495;0,873994638
4;99;75;79,429;38,746;58,941;32,711;82,904;35,588;96,442;38,025;1,163;1,636;1,068;1,162;1,01896121;;3;10;114;115,988;39,687;87,411;33,499;133,363;34,107;127,19;34,578;0,954;1,455;1,014;1,032;0,87126767
4;61;184;170,426;38,489;178,038;41,356;172,266;38,054;160,973;33,692;0,934;0,904;0,885;0,815;1,142378013;;3;35;105;105,694;38,24;77,902;30,791;122,458;34,027;116,723;33,255;0,953;1,498;0,977;1,08;0,869639121
5;68;27;41,178;38,457;21,493;23,741;36,203;30,14;65,838;44,095;1,819;3,063;1,463;1,857;0,872139698;;3;6;116;117,892;38,651;92,176;35,313;133,699;33,152;127,802;33,558;0,956;1,386;1,012;0,95;0,868231094
2;70;43;53,272;38,135;29,061;18,885;36,995;20,357;93,76;33,189;2,534;3,226;1,63;1,757;1,149025279;;3;0;133;138,521;50,76;113,97;54,907;153,757;43,069;147,837;44,024;0,961;1,297;1,022;0,802;0,867297084
4;55;80;85,387;37,757;79,61;33,812;81,338;27,818;95,214;47,047;1,171;1,196;1,691;1,391;0,802537888;;5;38;59;68,861;55,748;27,621;27,173;56,958;39,765;122,003;48,348;2,142;4,417;1,216;1,779;0,867259812
5;8;117;130,686;37,643;97,211;10,079;116,453;11,032;178,394;20,703;1,532;1,835;1,877;2,054;1,818238903;;5;80;4;5,601;4,654;2,002;1,463;3,79;1,033;11,011;4,032;2,905;5,501;3,901;2,757;0,866351526
3;63;41;53,724;37,47;20,478;3,785;39,245;8,104;101,45;23,224;2,585;4,954;2,866;6,135;1,613417155;;3;28;104;104,835;33,249;81,346;28,32;119,534;28,994;113,624;28,789;0,951;1,397;0,993;1,017;0,865860627
5;31;121;128,208;37,295;101,939;16,071;119,266;27,803;163,419;33,64;1,37;1,603;1,21;2,093;1,108650416;;5;1;28;31,23;24,295;17,971;15,972;21,475;16,535;54,243;21,017;2,526;3,018;1,271;1,316;0,865075118
4;54;63;74,505;37,141;65,382;28,592;72,043;30,661;86,088;46,447;1,195;1,317;1,515;1,624;0,799642603;;3;8;112;113,294;42,634;84,666;38,597;131,245;36,737;123,971;36,848;0,945;1,464;1,003;0,955;0,86428672
5;71;40;48,717;36,723;19,083;13,357;40,962;19,49;86,107;33,93;2,102;4,512;1,741;2,54;1,082316534;;3;94;126;130,931;47,738;86,947;27,356;155,338;38,417;150,509;41,217;0,969;1,731;1,073;1,507;0,863400226
1;55;156;167,115;36,458;136,344;9,585;159,47;19,194;205,531;32,343;1,289;1,507;1,685;3,374;1,127230003;;4;78;127;119,742;54,679;71,456;31,432;130,802;43,828;156,968;47,126;1,2;2,197;1,075;1,499;0,86186653
5;1;48;69,415;35,885;119,013;11,366;42,995;4,362;46,238;4,463;1,075;0,389;1,023;0,393;8,04055568;;5;90;21;28,63;24,631;10,827;13,81;22,459;15,83;52,603;21,19;2,342;4,858;1,339;1,534;0,860297998
5;4;89;103,996;35,821;151,957;2,647;75,771;11,492;84,261;14,969;1,112;0,555;1,303;5,655;2,393012225;;5;28;58;67,721;53,787;29,346;29,165;56,125;40,01;117,691;46,082;2,097;4,011;1,152;1,58;0,856749772
2;72;28;44,412;35,628;19,64;11,309;30,306;19,473;83,29;31,255;2,748;4,241;1,605;2,764;1,139913614;;3;51;88;89,812;32,898;64,89;26,707;104,731;28,285;99,814;28,104;0,953;1,538;0,994;1,052;0,854276856
4;47;123;119,563;35,608;137,629;32,624;121,406;32,116;99,653;31,335;0,821;0,724;0,976;0,96;1,136365087;;3;67;120;118,977;45,416;82,422;33,073;141,421;39,404;133,086;38,761;0,941;1,615;0,984;1,172;0,853465739
4;97;56;60,658;35,53;45,757;29,617;61,565;33,702;74,651;36,817;1,213;1,631;1,092;1,243;0,965043322;;2;43;83;92,74;65,642;49,725;38,687;78,696;54,676;149,798;56,01;1,904;3,013;1,024;1,448;0,853264678
2;34;48;62,576;35,478;30,726;6,578;48,691;7,983;108,31;19,239;2,224;3,525;2,41;2,925;1,844066739;;3;80;73;77,034;41,947;43,878;33,38;98,09;34,659;89,134;35,696;0,909;2,031;1,03;1,069;0,850978616
2;82;42;50,765;35,407;28,544;17,144;40,158;17,72;83,592;38,331;2,082;2,929;2,163;2,236;0,923717096;;3;95;132;135,517;46,371;92,074;25,262;160,029;37,607;154,448;39,391;0,965;1,677;1,047;1,559;0,849474887
3;57;37;51,879;35,319;18,68;2,367;36,702;3,317;100,256;7,265;2,732;5,367;2,191;3,069;4,861527873;;3;13;111;110,466;35,154;83,576;28,979;127,045;29,715;120,778;29,673;0,951;1,445;0,999;1,024;0,844086022
4;71;90;95,632;35,137;86,773;39,697;96,248;33,934;103,875;28,805;1,079;1,197;0,849;0,726;1,219822947;;5;27;75;87,063;64,838;33,491;26,792;76,994;43,578;150,704;54,529;1,957;4,5;1,251;2,035;0,841003732
1;76;112;119,466;34,853;88,021;11,01;111,61;15,96;158,766;25,946;1,423;1,804;1,626;2,357;1,34328991;;3;4;114;114,701;31,979;90,541;26,983;129,298;26,992;124,266;26,89;0,961;1,372;0,996;0,997;0,840864317
2;71;31;41,917;34,822;24,658;19,438;29,851;22,13;71,243;38,297;2,387;2,889;1,731;1,97;0,909261822;;5;83;4;4,434;3,185;1,654;1,125;3,696;1,176;7,95;2,673;2,151;4,806;2,273;2,375;0,839246468
2;96;45;51,563;34,796;38,819;16,566;45,474;26,727;70,397;45,708;1,548;1,813;1,71;2,759;0,761267174;;3;21;120;120,649;37,118;91,901;30,824;136,829;31,102;133,218;31,136;0,974;1,45;1,001;1,01;0,838838299
5;32;197;191,163;34,775;151,877;11,6;194,155;19,641;227,458;15,425;1,172;1,498;0,785;1,33;2,25445705;;3;57;95;95,413;32,628;69,298;24,99;111,784;27,864;105,157;27,347;0,941;1,517;0,981;1,094;0,838145151
4;75;115;115,722;34,685;130,877;32,41;116,427;32,625;99,861;31,823;0,858;0,763;0,975;0,982;1,089934953;;3;26;111;111,538;32,039;86,427;24,661;126,331;28,295;121,856;26,736;0,965;1,41;0,945;1,084;0,834482974
2;48;40;45,414;34,579;19,822;18,261;35,589;20,868;80,832;28,499;2,271;4,078;1,366;1,561;1,213340819;;3;31;127;124,008;34,05;96,842;27,222;137,216;28,684;137,966;28,409;1,005;1,425;0,99;1,044;0,834331865
4;66;113;111,178;34,511;127,765;31,067;112,322;31,629;93,446;31,884;0,832;0,731;1,008;1,026;1,082392423;;3;24;100;102,011;29,716;78,304;22,842;116,728;25,601;111,002;24,748;0,951;1,418;0,967;1,083;0,832817337
4;98;71;73,962;34,449;58,342;29,022;76,392;32,897;87,15;34,812;1,141;1,494;1,058;1,2;0,989572561;;3;27;98;98,441;30,579;74,739;25,394;113,285;25,56;107,298;25,425;0,947;1,436;0,995;1,001;0,831452958
4;92;64;71,165;34,379;54,64;27,906;66,405;26,32;92,45;36,407;1,392;1,692;1,383;1,305;0,944296427;;3;9;98;99,923;39,644;69,478;33,389;119,214;33,14;111,077;32,839;0,932;1,599;0,991;0,984;0,828347291
1;92;31;43,315;34,205;28,267;17,728;39,664;23,265;62,014;45,441;1,563;2,194;1,953;2,563;0,752734315;;5;12;50;60,374;46,44;25,776;18,964;43,925;23,775;111,422;38,363;2,537;4,323;1,614;2,023;0,826076658
4;76;96;96,916;34,158;111,21;32,219;95,941;32,176;83,598;32,316;0,871;0,752;1,004;1,003;1,056999629;;3;70;81;83,2;39,151;50,723;30,037;103,645;32,158;95,232;32,32;0,919;1,877;1,005;1,076;0,825521698
1;82;51;59,278;33,368;39,63;20,307;56,707;23,336;81,496;38,692;1,437;2,056;1,658;1,905;0,862400496;;5;67;43;60,714;50,607;17,243;11,059;45,694;17,259;119,205;41,552;2,609;6,913;2,408;3,757;0,821072184
4;72;61;68,671;33,293;46,822;16,514;64,987;22,003;94,203;37,757;1,45;2,012;1,716;2,286;0,881770268;;5;51;24;30,766;24,538;11,077;9,465;23,042;10,59;58,179;20,143;2,525;5,252;1,902;2,128;0,820890048
4;58;89;91,297;32,898;104,984;31,845;91,28;31,569;77,626;29,357;0,85;0,739;0,93;0,922;1,120618592;;3;22;115;116,487;31,151;91,101;25,209;131,474;25,484;126,886;25,476;0,965;1,393;1;1,011;0,817822863
4;95;59;63,714;32,873;56,826;29,977;63,23;30,628;71,086;36,1;1,124;1,251;1,179;1,204;0,910609418;;3;38;101;101,503;30,393;77,419;25,083;116,41;25,26;110,68;24,851;0,951;1,43;0,984;0,991;0,817655381
5;40;48;55,853;32,751;38,331;16,769;49,693;23,758;79,534;38,295;1,601;2,075;1,612;2,284;0,855229142;;5;45;45;61,243;49,794;21,57;16,227;44,075;20,536;118,083;40,666;2,679;5,475;1,98;2,506;0,816684741
1;3;190;183,397;32,693;167,339;28,845;183,379;30,077;199,474;30,878;1,088;1,192;1,027;1,071;1,058779714;;3;32;121;119,521;33,654;91,693;26,614;135,373;27,735;131,496;27,407;0,971;1,434;0,988;1,03;0,814375706
5;12;93;105,77;32,63;148,6;4,654;79,256;10,787;89,453;15,887;1,129;0,602;1,473;3,413;2,053880531;;5;42;39;47,146;34,097;21,056;15,236;36,09;17,477;84,293;27,701;2,336;4,003;1,585;1,818;0,812417515
4;44;76;88,039;32,609;88,968;34,326;88,395;32,897;86,755;30,445;0,981;0,975;0,925;0,887;1,071078995;;4;51;168;152,491;61,537;101,419;46,869;165,805;49,684;190,248;49,841;1,147;1,876;1,003;1,063;0,809935486
1;32;171;163,71;32,596;144,41;26,924;162,243;26,859;184,478;30,582;1,137;1,277;1,139;1,136;1,065855732;;3;23;113;112,125;32,037;85,525;25,273;128,301;26,272;122,55;25,927;0,955;1,433;0,987;1,026;0,809283017
5;11;65;79,993;32,106;123,248;9,373;57,458;9,773;59,274;10,047;1,032;0,481;1,028;1,072;3,19558077;;3;42;128;127,973;35,158;97,979;27,334;145,246;28,179;140,694;28,411;0,969;1,436;1,008;1,039;0,808094886
2;45;29;43,717;32,071;15,008;4,897;30,186;8,277;85,958;14,196;2,848;5,728;1,715;2,899;2,259157509;;3;52;133;130,484;41,888;93,773;29,95;151,925;34,41;145,754;33,797;0,959;1,554;0,982;1,128;0,806842055
4;86;80;78,524;32,023;86,285;34,062;77,928;30,562;71,36;29,5;0,916;0,827;0,965;0,866;1,085525424;;5;39;61;74,075;56,092;30,235;26,566;59,379;33,556;132,61;45,199;2,233;4,386;1,347;1,701;0,805801184
1;51;52;61,418;31,507;53,797;29,195;63,642;30,051;66,816;33,623;1,05;1,242;1,119;1,152;0,937066889;;3;98;137;141,535;44,888;96,342;24,226;166,685;32,862;161,579;36,074;0,969;1,677;1,098;1,489;0,803644627
4;70;131;131,138;31,268;139,986;33,677;132,682;30,694;120,746;25,847;0,91;0,863;0,842;0,767;1,209734205;;2;30;108;115,617;47,184;92,786;31,451;98,461;42,921;155,605;37,853;1,58;1,677;0,882;1,204;0,802242286
3;56;34;48,098;31,256;22,243;2,925;34,789;6,535;87,261;22,367;2,508;3,923;3,423;7,647;1,397415836;;3;89;136;134,663;38,759;99,461;27,802;155,107;29,907;149,421;31,055;0,963;1,502;1,038;1,117;0,801233262
3;47;30;41,122;31,232;18,854;6,623;29,587;10,634;74,925;31,589;2,532;3,974;2,971;4,77;0,988698598;;4;68;141;132,601;55,835;80,912;31,245;140,87;41,876;176,019;44,692;1,25;2,175;1,067;1,43;0,800429838
1;66;143;149,768;30,994;122,728;12,782;141,192;15,511;185,384;20,117;1,313;1,511;1,297;1,574;1,540686981;;5;50;23;27,738;20,283;14,781;13,362;20,822;13,575;47,611;16,146;2,287;3,221;1,189;1,208;0,796036089
4;93;109;109,355;30,981;122,79;32,534;108,366;29,619;96,907;24,642;0,894;0,789;0,832;0,757;1,25724373;;5;74;3;3,779;3,075;1,264;1,374;2,896;1,373;7,176;2,438;2,478;5,677;1,776;1,775;0,792845528
4;56;98;100,516;30,978;110,79;31,248;101,31;30,418;89,446;27,357;0,883;0,807;0,899;0,875;1,132361004;;3;73;120;120,829;39,553;82,656;25,691;140,771;29,586;139,059;31,158;0,988;1,682;1,053;1,213;0,787753141
1;47;107;116,478;30,909;100,514;11,961;107,792;19,292;141,13;37,588;1,309;1,404;1,948;3,143;0,822310312;;3;14;114;113,025;30,249;87,347;24,37;129,35;23,904;122,378;23,799;0,946;1,401;0,996;0,977;0,786769811
3;76;2;12,75;30,883;6,053;12,208;9,918;24,269;22,278;44,494;2,246;3,681;1,833;3,645;0,694093586;;3;12;113;113,355;32,348;85,174;25,4;130,269;25,344;124,622;25,387;0,957;1,463;1,002;0,999;0,784808953
4;8;144;140,968;30,782;158,003;26,164;142,851;27,118;122,05;27,768;0,854;0,772;1,024;1,061;1,108542207;;2;53;54;66,079;50,491;34,494;24,49;42,773;30,432;120,97;39,604;2,828;3,507;1,301;1,617;0,784377414
4;83;74;80,645;30,32;80,885;32,688;79,014;27,914;82,037;30,093;1,038;1,014;1,078;0,921;1,007543282;;5;82;3;4,452;3,037;2,043;1,34;3,443;1,305;7,869;2,381;2,285;3,851;1,825;1,777;0,783997366
1;69;89;96,469;30,174;80,418;16,723;92,264;24,583;116,726;34,083;1,265;1,452;1,386;2,038;0,885309392;;2;34;60;88,392;50,499;54,502;9,024;62,642;25,38;148,032;39,449;2,363;2,716;1,554;4,372;0,781183786
4;84;114;114,006;29,909;130,992;27,281;114,05;26,659;96,978;25,499;0,85;0,74;0,957;0,935;1,172947959;;3;65;130;130,538;40,887;92,219;29,289;152,934;30,372;146,461;31,804;0,958;1,588;1,047;1,086;0,777851151
4;48;127;124,291;29,831;134,405;28,856;126,707;28,708;111,76;27,345;0,882;0,832;0,953;0,948;1,090912415;;3;1;110;108,562;34,769;77,558;26,222;127,173;27,386;120,955;26,979;0,951;1,56;0,985;1,029;0,77594984
4;49;73;72,546;29,785;80,699;30,563;72,088;29,111;64,85;27,457;0,9;0,804;0,943;0,898;1,084787122;;5;10;34;44,294;34,133;18,659;12,498;30,414;15,292;83,808;26,343;2,756;4,492;1,723;2,108;0,771775115
3;62;29;43,132;29,721;21,347;4,736;32,63;12,147;75,419;29,2;2,311;3,533;2,404;6,165;1,017842466;;2;56;42;51,464;37,254;32,4;17,81;27,95;17,071;94,042;28,735;3,365;2,903;1,683;1,613;0,771326569
1;52;85;87,93;29,648;76,642;27,635;90,859;27,822;96,288;29,89;1,06;1,256;1,074;1,082;0,991903647;;5;9;86;94,015;65,449;37,651;27,629;82,242;39,896;162,154;50,371;1,972;4,307;1,263;1,823;0,769622149
4;96;58;60,102;29,605;47,898;25,999;61,013;27,702;71,397;30,144;1,17;1,491;1,088;1,159;0,982119161;;3;45;106;106,158;33,724;75,378;24,305;125,558;26,379;117,538;25,923;0,936;1,559;0,983;1,067;0,768681058
5;13;129;127,02;29,538;156,118;5,827;101,958;18,763;122,982;27,211;1,206;0,788;1,45;4,67;1,085516887;;3;90;100;99,938;39,388;63,626;28,405;122,882;30,154;113,307;30,239;0,922;1,781;1,003;1,065;0,767721133
3;54;34;46,004;29,401;21,789;2,639;33,774;7,179;82,45;21,693;2,441;3,784;3,022;8,219;1,355321993;;3;74;131;130,965;40,334;91,598;25,696;152,474;30,596;148,822;30,868;0,976;1,625;1,009;1,201;0,765309664
4;38;132;130,958;29,339;141,88;27,033;132,822;28,32;118,171;27,628;0,89;0,833;0,976;1,022;1,061929926;;4;73;142;135,916;52,692;81,837;28,371;155,314;37,352;170,597;40,321;1,098;2,085;1,079;1,421;0,765220527
1;33;166;159,442;29,334;146,354;25,435;158,592;25,054;173,381;30,667;1,093;1,185;1,224;1,206;0,956533081;;4;81;131;119,757;54,338;64,387;24,684;132,925;38,808;161,958;41,503;1,218;2,515;1,069;1,681;0,763793294
4;39;81;84,059;29,303;85,296;30,407;84,912;29,46;81,968;27,872;0,965;0,961;0,946;0,917;1,051341848;;5;75;3;4,201;3,493;1,141;1,667;3,699;2,143;7,763;2,632;2,099;6,805;1,229;1,579;0,753507014
4;85;93;93,974;29,3;96,48;30,262;90,589;24,858;94,853;31,988;1,047;0,983;1,287;1,057;0,915968488;;5;81;4;5,53;4,143;2,123;1,371;4,013;1,333;10,454;3,11;2,605;4,924;2,334;2,268;0,75066377
4;81;82;83,315;29,012;53,981;14,598;82,818;15,774;113,147;17,678;1,366;2,096;1,121;1,211;1,641135875;;5;47;64;76,965;59,292;27,259;22,077;59,862;29,252;143,774;44,463;2,402;5,274;1,52;2,014;0,749898806
4;11;153;153,811;29,008;176,594;21,958;155,331;21,932;129,507;21,193;0,834;0,733;0,966;0,965;1,368753834;;2;31;94;98,253;38,094;79,544;20,466;76,331;25,374;138,885;28,445;1,82;1,746;1,121;1,39;0,746705518
3;55;34;46,564;28,903;23,042;3,186;34,058;7,042;82,594;20,942;2,425;3,585;2,974;6,574;1,380145163;;5;88;4;4,677;3,552;1,243;0,974;3,974;0,724;8,814;2,641;2,218;7,09;3,648;2,712;0,743524775
3;68;20;26,21;28,614;12,821;10,891;17,71;14,266;48,099;37,463;2,716;3,752;2,626;3,44;0,76379361;;5;55;46;58,025;43,717;22,344;18,369;44,693;22,2;107,037;32,408;2,395;4,79;1,46;1,764;0,741313448
5;85;29;37,127;28,49;16,923;9,522;33,437;17,526;61,022;32,319;1,825;3,606;1,844;3,394;0,8815248;;3;75;132;131,791;37,275;93,269;22,17;152,088;26,391;150,018;27,424;0,986;1,608;1,039;1,237;0,735720993
1;39;116;116,705;28,47;110,563;32,099;117,354;25,097;122,198;26,516;1,041;1,105;1,057;0,826;1,073691356;;3;84;118;114,949;35,681;78,24;21,183;135,84;25,683;130,768;26,018;0,963;1,671;1,013;1,228;0,729183599
4;59;76;77,405;28,406;88,544;28,587;76,819;27,004;66,851;25,269;0,87;0,755;0,936;0,884;1,124144208;;3;81;75;71,356;25,751;45,947;17,873;87,989;18,075;80,131;18,547;0,911;1,744;1,026;1,038;0,720243874
4;65;84;86,305;28,288;97,49;29,095;85,509;26,836;75,917;24,5;0,888;0,779;0,913;0,842;1,154612245;;3;96;131;130,343;37,939;89,12;17,457;154,245;26,403;147,664;27,306;0,957;1,657;1,034;1,564;0,71973431
2;29;109;108,011;28,139;102,893;13,947;103,754;24,196;117,387;38,252;1,131;1,141;1,581;2,743;0,735621667;;3;71;70;69,401;24,759;45,136;17,097;85,256;17,935;77,811;17,725;0,913;1,724;0,988;1,037;0,715901288
5;22;144;146,033;27,971;148,243;12,207;129,477;26,672;160,379;31,653;1,239;1,082;1,187;2,593;0,883676113;;2;55;57;82,805;63,267;34,258;21,005;62,758;45,34;151,398;45,25;2,412;4,419;0,998;2,154;0,715222786
4;68;81;80,019;27,526;91,667;28,154;79,101;25,696;69,29;23,844;0,876;0,756;0,928;0,847;1,154420399;;2;19;85;85,589;17,578;92,17;11,966;68,274;12,948;96,323;12,563;1,411;1,045;0,97;1,05;0,714700193
5;5;105;112,146;27,454;145,149;5,336;87,605;10,898;103,683;18,731;1,184;0,714;1,719;3,511;1,465698575;;2;65;49;76,354;53,173;38,106;9,995;53,814;35,702;137,141;37,966;2,548;3,599;1,063;3,798;0,71400899
1;30;38;47,106;27,418;39,154;24,693;51,763;25,989;50,4;29,568;0,974;1,287;1,138;1,197;0,927286255;;2;35;59;83,07;44,123;54,859;6,313;56,646;18,172;137,706;31,486;2,431;2,51;1,733;4,987;0,713596084
5;50;36;41,36;27,321;19,786;11,627;36,525;16,005;67,77;25,724;1,855;3,425;1,607;2,212;1,062082102;;2;45;97;110,599;75,096;47,525;31,633;100,675;60,361;183,597;53,557;1,824;3,863;0,887;1,693;0,713180462
4;91;68;71,153;27,235;49,822;17,116;70,755;20,764;92,882;23,954;1,313;1,864;1,154;1,399;1,136970861;;5;13;59;69,701;49,986;32,445;23,968;51,048;28,163;125,611;35,585;2,461;3,872;1,264;1,485;0,711899332
2;35;39;49,07;27,061;24,651;7,675;37,269;6,152;85,29;7,261;2,288;3,46;1,18;0,946;3,726897122;;5;33;47;56,821;42,138;25,222;19,589;40,566;22,181;104,675;29,971;2,58;4,15;1,351;1,53;0,711258247
2;26;80;84,039;26,928;70,422;19,205;78,648;21,552;103,048;27,682;1,31;1,463;1,284;1,441;0,972762084;;4;94;137;131,388;47,855;81,03;27,117;148,488;32,424;164,646;33,899;1,109;2,032;1,046;1,25;0,708369031
3;48;30;44,751;26,889;22,485;2,469;30,938;3,699;80,832;12,681;2,613;3,595;3,428;5,136;2,120416371;;5;89;4;4,448;3,544;1,117;1,68;4,016;1,772;8,211;2,505;2,045;7,352;1,414;1,491;0,706828442
4;2;158;157,761;26,878;179,686;19,705;160,022;18,794;133,573;18,838;0,835;0,743;1,002;0,956;1,4267969;;2;74;38;52,574;34,156;38,214;17,068;28,765;20,142;90,742;23,938;3,155;2,375;1,188;1,402;0,70084319
5;0;34;49,749;26,807;86,658;8,78;31,005;3,85;31,584;4,507;1,019;0,364;1,171;0,513;5,947858886;;2;70;48;53,444;27,634;42,922;12,484;32,886;16,176;84,525;19,343;2,57;1,969;1,196;1,549;0,69997105
3;58;30;44,652;26,584;22,398;2,764;30,16;2,041;81,397;7,271;2,699;3,634;3,562;2,631;3,65616834;;3;76;128;123,774;33,015;87,93;18,859;144,734;21,029;138,658;22,944;0,958;1,577;1,091;1,217;0,694956838
5;10;41;55,106;26,486;91,098;8,905;36,413;6,126;37,808;6,61;1,038;0,415;1,079;0,742;4,006959153;;5;31;31;41,315;32,607;14,382;12,637;29,925;14,091;79,638;22,532;2,661;5,537;1,599;1,783;0,691017266
4;34;173;171,402;26,455;185,277;26,739;172,92;23,48;156,01;20,038;0,902;0,842;0,853;0,749;1,320241541;;2;64;73;97,13;67,514;41,488;20,733;86,322;58,882;163,581;46,356;1,895;3,943;0,787;2,236;0,686613147
4;90;75;76,117;26,301;51,686;15,87;75,046;16,345;101,619;17,548;1,354;1,966;1,074;1,106;1,498803282;;5;11;43;53,686;40,903;21,405;17,926;38,554;20,023;101,099;27,889;2,622;4,723;1,393;1,556;0,681832628
2;24;55;64,613;26,29;40,131;7;54,918;7,447;98,789;10,376;1,799;2,462;1,393;1,482;2,533731689;;5;52;40;52,162;39,716;18,83;15,903;39,146;17,874;98,509;27,043;2,516;5,231;1,513;1,7;0,680909457
4;27;125;123,674;26,256;139,939;23,815;123,906;22,976;107,176;20,887;0,865;0,766;0,909;0,877;1,25704984;;5;30;42;55,447;41,986;20,421;15,473;40,579;17,452;105,341;28,412;2,596;5,159;1,628;1,836;0,676701758
5;15;129;136,582;25,97;123,323;15,843;118,594;7,425;167,83;15,533;1,415;1,361;2,092;0,98;1,67192429;;5;60;19;26,324;20,899;11,43;12,475;18,664;12,887;48,877;14,124;2,619;4,276;1,096;1,132;0,67582181
1;49;103;104,372;25,886;99,934;26,541;104,464;24,156;108,718;26,149;1,041;1,088;1,082;0,985;0,989942254;;3;78;124;119,434;30,735;86,482;18,193;139,571;20,744;132,25;20,423;0,948;1,529;0,985;1,123;0,664486741
4;32;179;175,764;25,848;196,486;20,404;177,622;19,021;153,184;16,84;0,862;0,78;0,885;0,825;1,534916865;;3;99;158;154,161;43,194;106,477;22,754;179;29,133;177,006;28,601;0,989;1,662;0,982;1,257;0,662152151
2;27;89;88,433;25,798;78,56;20,436;83,587;21,01;103,15;28,284;1,234;1,313;1,346;1,384;0,912105784;;4;0;174;163,906;52,882;113,082;38,399;174,261;36,909;204,376;34,994;1,173;1,807;0,948;0,911;0,661737453
2;46;36;40,742;25,671;22,63;13,202;30,89;14,443;68,707;19,67;2,224;3,036;1,362;1,49;1,305083884;;4;7;204;194,932;43,191;163,123;42,483;197,422;33,141;224,25;28,562;1,136;1,375;0,862;0,672;0,661295177
4;18;130;129,784;25,437;149,84;18,014;131,325;19,041;108,187;19,571;0,824;0,722;1,028;1,086;1,299729191;;5;23;57;72,963;55,561;25,539;17,984;54,378;25,419;138,973;36,603;2,556;5,442;1,44;2,035;0,658789439
4;7;152;149,552;25,187;163,942;22,36;151,053;21,679;133,661;21,71;0,885;0,815;1,001;0,971;1,16015661;;1;83;28;29,633;4,349;25,314;1,76;34,134;2,563;29,451;2,848;0,863;1,163;1,111;1,618;0,654863187
3;61;27;37,156;24,881;21,066;6,39;28,328;11,083;62,074;27,125;2,191;2,947;2,447;4,245;0,917271889;;4;49;153;156,897;53,559;107,374;27,741;151,317;33,202;211,998;34,843;1,401;1,974;1,049;1,256;0,650553595
4;46;114;115,556;24,837;127,522;19,627;114,893;19,376;104,254;28,612;0,907;0,818;1,477;1,458;0,868062351;;2;18;86;86,404;17,021;90,182;9,846;68,899;11,902;100,131;11,021;1,453;1,11;0,926;1,119;0,647494272
4;37;96;96,571;24,662;103,582;22,184;94,757;21,288;91,374;28,282;0,964;0,882;1,329;1,275;0,872003394;;4;88;120;114,479;52,319;58,378;26,728;125,01;32,264;160,051;33,485;1,28;2,742;1,038;1,253;0,640016055
5;76;30;38,391;24,382;18,368;6,227;34,85;12,855;61,957;24,712;1,778;3,373;1,922;3,969;0,986646164;;3;97;137;131,248;36,795;89,853;20,524;156,112;22,194;147,779;23,297;0,947;1,645;1,05;1,135;0,633156679
1;43;163;158,277;24,336;146,522;21,825;156,562;21,407;171,749;22,793;1,097;1,172;1,065;1,044;1,067696223;;3;85;122;114,729;32,018;78,306;17,329;135,418;19,088;130,464;20,213;0,963;1,666;1,059;1,166;0,631301143
2;81;38;41,086;24,277;25,846;15,426;33,603;13,016;63,808;23,585;1,899;2,469;1,812;1,529;1,029340683;;2;33;76;90,105;36,776;68,464;10,124;65,17;12,796;136,68;23,061;2,097;1,996;1,802;2,278;0,627066565
5;7;110;117,628;24,097;108,078;6,476;100,339;10,066;144,466;22,099;1,44;1,337;2,195;3,412;1,090411331;;4;18;158;156,265;50,852;111,403;38,377;157,456;36,718;199,936;31,869;1,27;1,795;0,868;0,83;0,626701015
4;41;178;174,51;24,087;194,203;17,99;175,291;17,614;154,035;17,29;0,879;0,793;0,982;0,961;1,393117409;;2;54;85;106,783;76,965;36,765;25,627;101,818;65,551;181,768;47,613;1,785;4,944;0,726;1,858;0,618631846
5;14;150;146,857;24,078;156,416;8,284;125,013;16,482;159,141;26,068;1,273;1,017;1,582;3,147;0,923661194;;5;41;22;29,439;21,88;10,786;7,873;21,262;7,571;56,269;13,501;2,646;5,217;1,783;1,715;0,617047532
2;0;108;106,41;24,022;89,95;19,071;101,011;18,583;128,267;15,632;1,27;1,426;0,841;0,82;1,53671955;;5;22;65;78,983;58,628;28,394;20,626;59,63;27,463;148,926;36,144;2,497;5,245;1,316;1,752;0,616497237
2;28;87;89,325;23,84;82,682;17,83;85,514;19,983;99,779;28,634;1,167;1,207;1,433;1,606;0,832576657;;3;77;128;123,846;31,127;88,371;17,156;144,706;18,404;138,462;19,14;0,957;1,567;1,04;1,116;0,614900247
4;1;127;128,046;23,799;146,194;16,179;129,747;18,003;108,198;19,676;0,834;0,74;1,093;1,216;1,209544623;;5;87;4;4,766;3,745;1,21;0,829;3,64;0,557;9,45;2,288;2,596;7,812;4,107;2,76;0,610947931
2;25;60;64,874;23,795;44,955;8,79;56,757;11,99;92,91;15,128;1,637;2,067;1,262;1,721;1,572911158;;4;41;170;155,412;55,104;95,69;30,163;168,741;34,35;201,805;33,511;1,196;2,109;0,976;1,111;0,60814097
4;35;138;136,852;23,536;147,6;23,691;138,032;21,684;124,925;19,268;0,905;0,846;0,889;0,813;1,221507162;;3;86;126;120,997;33,59;81,829;15,178;144,6;20,115;136,563;20,405;0,944;1,669;1,014;1,344;0,607472462
1;64;163;168,113;23,232;146,475;9,29;161,046;7,226;196,816;11,773;1,222;1,344;1,629;1,267;1,973328803;;5;58;51;66,419;52,375;20,566;15,471;47,861;19,802;130,829;31,661;2,734;6,361;1,599;2,047;0,604505967
5;23;171;179,048;23,2;164,846;5,292;167,734;16,348;204,563;18,404;1,22;1,241;1,126;3,478;1,260595523;;5;40;34;42,236;29,558;18,355;13,075;30,744;13,43;77,61;17,776;2,524;4,228;1,324;1,36;0,60139387
2;14;71;77,137;23,088;54,888;8,916;69,874;8,261;106,65;5,714;1,526;1,943;0,692;0,641;4,04060203;;4;8;170;166,183;46,13;120,517;29,072;167,752;27,652;210,28;27,235;1,254;1,745;0,985;0,937;0,590396705
4;31;177;175,563;22,986;198,571;12,835;177,072;12,209;151,045;11,769;0,853;0,761;0,964;0,917;1,95309712;;4;22;184;172,945;53,394;113,862;29,689;188,666;32,617;216,306;31,453;1,147;1,9;0,964;1,059;0,589073679
1;72;41;45,831;22,936;34,446;16,584;48,36;17,735;54,686;27,824;1,131;1,588;1,569;1,678;0,824324324;;4;21;189;170,637;54,951;110,707;35,118;189,005;33,836;212,2;32,006;1,123;1,917;0,946;0,911;0,582446179
4;20;134;131,943;22,862;155,594;12,271;133,19;11,592;107,045;10,109;0,804;0,688;0,872;0,824;2,261549115;;5;54;44;57,014;40,237;21,931;13,946;42,661;15,426;106,451;23,318;2,495;4,854;1,512;1,672;0,579516366
4;30;149;148,603;22,851;171,899;12,088;150,256;11,242;123,654;11,229;0,823;0,719;0,999;0,929;2,034998664;;4;3;173;161,742;49,963;106,027;29,506;175,712;27,552;203,488;28,586;1,158;1,919;1,038;0,969;0,572143386
4;79;25;31,516;22,824;30,267;23,919;32,376;22,785;31,904;21,659;0,985;1,054;0,951;0,906;1,053788264;;5;48;63;81,547;61,347;26,445;19,674;62,243;27,037;155,954;35,028;2,506;5,897;1,296;1,78;0,570981466
3;69;20;21,796;22,496;12,659;10,133;15,392;12,894;37,338;29,719;2,426;2,949;2,305;2,933;0,756956829;;1;53;67;94,651;58,718;41,4;6,668;72,093;9,705;170,461;33,361;2,364;4,117;3,437;5,003;0,568156272
2;60;21;30,049;22,46;13,926;5,92;18,541;5,602;57,68;17,059;3,111;4,142;3,045;2,881;1,31660707;;5;37;86;97,717;66,015;33,944;22,363;84,488;31,812;174,718;37,29;2,068;5,147;1,172;1,667;0,56487162
4;28;132;131,113;22,454;147,883;14,74;133,291;17,878;112,165;18,182;0,842;0,758;1,017;1,233;1,23495765;;4;84;154;142,531;46,158;89,091;24,217;159,811;25,76;178,691;26,072;1,118;2,006;1,012;1,077;0,564842498
3;59;27;39,635;22,444;20,915;2,402;27,344;1,993;70,645;6,197;2,584;3,378;3,109;2,58;3,621752461;;4;95;144;133,995;37,562;88,355;16,376;150,421;17,618;163,208;21,163;1,085;1,847;1,201;1,292;0,563415154
4;17;148;145,681;22,393;161,917;17,167;147,381;17,471;127,746;17,781;0,867;0,789;1,018;1,036;1,259377988;;5;49;71;87,081;64,124;26,558;18,468;69,462;24,981;165,222;35,931;2,379;6,221;1,438;1,946;0,560336224
5;81;21;28,132;22,354;12,434;9,12;22,418;13,221;49,546;22,44;2,21;3,985;1,697;2,461;0,996167558;;4;12;172;163,08;51,51;104,355;24,001;174,96;28,125;209,925;28,433;1,2;2,012;1,011;1,185;0,551989905
2;37;31;34,039;22,266;17,362;17,244;28,123;14,716;56,632;12,242;2,014;3,262;0,832;0,71;1,818820454;;2;75;41;51,136;28,016;40,723;8,335;26,502;10,196;86,182;15,422;3,252;2,116;1,513;1,85;0,550471159
5;77;20;26,095;22,26;16,691;18,646;23,491;19,415;38,104;22,857;1,622;2,283;1,177;1,226;0,973881087;;5;53;50;63,491;44,287;25,077;16,968;47,706;18,652;117,691;24,201;2,467;4,693;1,297;1,426;0,546458329
5;60;31;35,765;22,222;16,517;8,687;31,469;11,469;59,31;18,197;1,885;3,591;1,587;2,095;1,221190306;;2;37;49;55,452;24,421;48,594;8,682;32,312;7,366;85,451;13,306;2,645;1,758;1,806;1,533;0,544858933
4;74;89;90,734;22,164;103,61;23,685;89,659;19,43;78,934;15,137;0,88;0,762;0,779;0,639;1,464226729;;4;4;189;182,771;41,012;137,528;26,994;194,098;22,21;216,688;22,327;1,116;1,576;1,005;0,827;0,544401639
5;21;100;99,23;22,102;116,31;11,438;82,864;14,145;98,515;23,967;1,189;0,847;1,694;2,095;0,922184671;;4;92;132;125,508;47,036;71,242;23,723;137,898;23,858;167,384;25,556;1,214;2,35;1,071;1,077;0,543328514
2;36;36;41,312;22,053;24,107;14,969;33,09;11,915;66,739;9,102;2,017;2,768;0,764;0,608;2,422874094;;2;8;78;76,033;17,049;79,08;9,714;57,501;10,076;91,517;9,144;1,592;1,157;0,907;0,941;0,536336442
1;86;68;70,817;21,692;60,184;13,663;68,888;16,279;83,379;26,18;1,21;1,385;1,608;1,916;0,828571429;;4;33;203;191,258;43,097;147,354;35,526;203,973;26,72;222,448;23,105;1,091;1,51;0,865;0,65;0,536116203
4;21;162;159,888;21,627;184,344;7;160,802;7,518;134,518;7,427;0,837;0,73;0,988;1,061;2,911942911;;4;87;151;139,26;47,315;82,883;21,714;154,846;22,838;180,05;25,26;1,163;2,172;1,106;1,163;0,533868752
2;15;86;90,404;21,61;70,341;10,572;84,173;10,461;116,699;6,858;1,386;1,659;0,656;0,649;3,15106445;;4;56;197;186,567;42,925;139,771;33,53;203,842;22,8;216,09;22,884;1,06;1,546;1,004;0,682;0,5331159
3;37;24;26,916;21,527;16,088;9,469;20,538;10,886;44,122;26,983;2,148;2,743;2,479;2,85;0,797798614;;5;21;41;57,007;43,154;20,653;14,97;39,346;16,913;111,024;22,919;2,822;5,376;1,355;1,531;0,531097928
3;53;24;30,009;21,349;17,803;7,765;22,856;8,905;49,368;25,549;2,16;2,773;2,869;3,29;0,835610004;;4;27;199;189,62;43,984;153,424;43,037;192,496;31,334;222,939;23,265;1,158;1,453;0,743;0,541;0,528942343
4;19;148;145,717;21,195;160,21;17,239;148,349;16,588;128,594;16,285;0,867;0,803;0,982;0,945;1,301504452;;1;50;103;113,985;70,974;42,773;8,372;100,715;35,444;198,466;37,435;1,971;4,64;1,056;4,472;0,527446671
4;24;180;179,393;20,979;200,619;9,592;180,72;11,062;156,838;12,041;0,868;0,782;1,088;1,255;1,742297151;;2;60;72;85,582;34,061;62,248;12,836;66,893;18,386;127,605;17,833;1,908;2,05;0,97;1,389;0,523560671
1;68;100;103,995;20,899;92,059;13,848;99,088;15,274;120,837;20,86;1,219;1,313;1,366;1,506;1,001869607;;2;32;80;93,957;33,431;75,139;9,474;69,706;12,636;137,027;17,497;1,966;1,824;1,385;1,847;0,523376507
1;46;124;129,727;20,722;116,429;11,031;122,792;11,84;149,962;19,798;1,221;1,288;1,672;1,795;1,046671381;;2;9;74;72,454;16,249;75,357;9,163;54,546;9,053;87,461;8,477;1,603;1,161;0,936;0,925;0,521693643
2;38;53;45,538;20,674;36,338;25,058;42,194;17,598;58,083;9,563;1,377;1,598;0,543;0,382;2,161873889;;4;46;215;202,645;38,181;164,923;36,024;216,579;22,274;226,432;19,915;1,045;1,373;0,894;0,553;0,52159451
4;23;170;169,278;20,572;190,526;10,73;170,221;10,34;147,086;10,132;0,864;0,772;0,98;0,944;2,030398737;;4;43;197;180,154;52,102;118,61;22,834;197,878;29,462;223,974;27,062;1,132;1,888;0,919;1,185;0,519404246
2;49;55;57,045;20,515;47,928;11,963;51,706;8,797;71,502;26,859;1,383;1,492;3,053;2,245;0,763803567;;5;84;3;3,779;2,52;1,722;1,165;2,795;1,241;6,821;1,307;2,44;3,962;1,054;1,123;0,518650794
4;3;182;179,094;20,452;201,978;5,521;181,211;6,073;154,094;5,865;0,85;0,763;0,966;1,062;3,487127025;;3;88;124;117,042;26,925;84,568;13,387;137,405;13,622;129,154;13,935;0,94;1,527;1,023;1,041;0,517548747
1;61;42;47,609;20,358;41,75;19,045;49,066;19,404;52,011;21,175;1,06;1,246;1,091;1,112;0,961416765;;2;63;51;72,235;40,075;45,48;9,079;46,765;14,735;124,459;20,655;2,661;2,737;1,402;2,275;0,515408609
4;36;139;139,993;20,283;147,952;23,182;138,898;17,766;133,13;16,418;0,958;0,9;0,924;0,708;1,235412352;;1;54;67;85,149;50,086;37,013;5,777;68,474;5,866;149,962;25,731;2,19;4,052;4,387;4,454;0,513736373
1;14;175;173,263;20,259;163,744;17,894;172,27;18,341;183,774;19,302;1,067;1,122;1,052;1,079;1,049580354;;4;30;187;169,225;51,327;109,429;30,123;187,158;25,54;211,086;26,348;1,128;1,929;1,032;0,875;0,513336061
4;64;51;57,172;20,156;58,406;22,007;55,826;18,771;57,283;19,463;1,026;0,981;1,037;0,884;1,035606022;;1;52;74;105,234;65,991;43,466;7,58;82,726;21,333;189,509;33,581;2,291;4,36;1,574;4,43;0,508872422
1;13;183;179,649;20,117;164,859;15,601;179,566;15,68;194,522;16,878;1,083;1,18;1,076;1,082;1,191906624;;4;28;159;157,457;47,758;106,798;23,294;157,752;24,68;207,821;24,245;1,317;1,946;0,982;1,041;0,507663638
4;53;43;46,37;20,07;41,83;17,726;46,925;18,358;50,354;22,812;1,073;1,204;1,243;1,287;0,879800105;;5;43;49;64,001;44,845;23,718;15,282;48,496;17,597;119,789;22,686;2,47;5,05;1,289;1,484;0,505875794
1;96;68;69,877;20,013;57,219;15,706;67,506;15,51;84,907;17,962;1,258;1,484;1,158;1,144;1,114185503;;4;76;174;163,419;46,808;107,592;24,776;181,502;23,035;201,163;23,671;1,108;1,87;1,028;0,955;0,505704153
4;89;35;37,174;19,943;33,864;19,19;38,178;19,858;39,482;20,33;1,034;1,166;1,024;1,059;0,980964092;;4;38;172;170,827;48,647;118,891;24,643;172,51;25,91;221,08;24,4;1,282;1,86;0,942;0,99;0,501572553
4;12;185;180,893;19,918;202,874;5,065;183,424;6,127;156,381;6,045;0,853;0,771;0,987;1,193;3,294954508;;4;17;179;173,346;51,462;125,837;44,476;176,754;32,985;217,448;25,792;1,23;1,728;0,782;0,58;0,501185341
1;99;64;70,062;19,891;63,795;17,281;72,667;19,885;73,725;20,818;1,015;1,156;1,047;1,205;0,955471227;;4;31;180;159,115;52,063;96,021;22,888;181,038;27,766;200,285;26,085;1,106;2,086;0,939;1,14;0,501027601
4;9;152;149,163;19,879;168,314;10,613;152,072;10,119;127,102;10,424;0,836;0,755;1,03;0,982;1,907041443;;4;70;166;148,689;55,107;82,286;21,874;164,64;26,014;199,141;27,312;1,21;2,42;1,05;1,249;0,495617617
3;38;27;36,272;19,858;22,27;2,938;26,136;4,05;60,41;16,631;2,311;2,713;4,107;5,66;1,194035235;;2;44;135;137,877;76,425;63,246;40,015;142,685;63,427;207,699;37,815;1,456;3,284;0,596;0,945;0,494798822
5;30;64;64,018;19,805;63,547;15,03;55,544;14,984;72,963;23,963;1,314;1,148;1,599;1,594;0,826482494;;2;7;82;81,893;16,511;84,819;8,516;63,302;8,925;97,558;8,127;1,541;1,15;0,911;0,954;0,49221731
4;22;184;181,996;19,797;203,619;6,901;183,595;7,254;158,773;8,133;0,865;0,78;1,121;1,179;2,434157138;;4;1;182;172,989;47,788;120,992;33,506;183,973;25,875;214,003;23,502;1,163;1,769;0,908;0,701;0,491797104
5;20;58;62,378;19,764;85,333;11,21;49,562;10,792;52,24;11,65;1,054;0,612;1,079;1,039;1,696480687;;2;71;42;48,799;23,457;42,338;6,516;25,998;7,568;78,061;11,534;3,003;1,844;1,524;1,77;0,491708232
4;13;187;182,397;19,721;203,806;7,34;184,122;7,721;159,264;7,534;0,865;0,781;0,976;1,026;2,617600212;;3;79;119;112,163;25,181;81,467;12,307;131,434;12,414;123,587;12,352;0,94;1,517;0,995;1,004;0,490528573
4;4;165;165,561;19,64;188,237;6,281;166,117;6,052;142,328;5,176;0,857;0,756;0,855;0,824;3,794435858;;5;85;3;4,027;2,891;1,154;0,948;3,427;1,222;7,501;1,415;2,189;6,502;1,159;1,494;0,489450017
5;6;112;112,358;19,506;124,066;9,314;92,614;8,403;120,395;19,814;1,3;0,97;2,358;2,127;0,984455436;;5;59;57;76,508;56,941;23,354;16,349;58,083;19,953;148,086;27,806;2,55;6,341;1,394;1,701;0,488330026
1;91;36;40,29;19,428;28,88;11,629;37,558;13,292;54,43;21,972;1,449;1,885;1,653;1,889;0,884216275;;5;61;20;26,44;19,886;8,416;5,747;19,163;6,425;51,741;9,702;2,7;6,148;1,51;1,688;0,487880921
2;61;23;30,051;19,348;16,198;5,63;20,587;6,922;53,366;14,777;2,592;3,295;2,135;2,625;1,30933207;;3;87;123;114,413;28,472;79,134;11,481;136,438;14,245;127,667;13,851;0,936;1,613;0,972;1,206;0,486477943
4;15;156;155,394;19,326;176,528;6,943;157,155;6,57;132,498;7,421;0,843;0,751;1,13;1,069;2,604231236;;4;48;175;171,778;50,247;117,97;25,138;174,472;28,853;222,893;24,383;1,278;1,889;0,845;0,97;0,485262802
4;40;168;167,498;19,255;187,4;8,942;167,824;10,405;147,27;10,891;0,878;0,786;1,047;1,218;1,767973556;;4;61;181;161,573;53,475;95,675;22,899;183,723;25,523;205,32;25,611;1,118;2,146;1,003;1,118;0,478934081
4;5;149;146,989;19,243;168,622;5,841;148,534;5,017;123,81;6,624;0,834;0,734;1,32;1,134;2,905042271;;4;57;197;184,963;45,485;132,653;28,742;197,797;21,182;224,438;21,736;1,135;1,692;1,026;0,756;0,477871826
4;10;92;93,5;19,031;106,37;17,979;94,931;14,527;79,2;13,419;0,834;0,745;0,924;0,746;1,418212982;;4;47;191;183,333;44,837;132,325;24,83;191,432;21,175;226,242;21,394;1,182;1,71;1,01;0,862;0,477150568
1;67;113;118,131;19,031;104,178;8,986;112,11;10,847;138,106;16,07;1,232;1,326;1,482;1,788;1,184256378;;4;6;176;173,626;45,77;126,634;30,153;175,563;25,638;218,68;21,827;1,246;1,727;0,851;0,724;0,476884422
1;62;52;54,923;19,013;44,906;17,724;59,925;17,177;59,939;18,021;1;1,335;1,049;1,017;1,05504689;;4;77;160;146,389;52,537;82,867;20,561;161,997;25,908;194,302;24,74;1,199;2,345;0,955;1,203;0,470906218
2;5;86;87,069;18,993;70,749;11,317;82,168;11,296;108,29;9,263;1,318;1,531;0,82;0,818;2,050415632;;5;44;53;67,623;48,269;24,206;16,396;50,462;19,041;128,202;22,564;2,541;5,296;1,185;1,376;0,467463589
2;1;122;119,609;18,988;105,44;15,522;115,818;13,708;137,568;10,729;1,188;1,305;0,783;0,691;1,769782832;;2;16;90;87,942;15,953;90,771;6,859;69,347;7,819;103,709;7,278;1,496;1,143;0,931;1,061;0,456215132
1;95;53;54,389;18,766;42,61;13,855;55,214;15,668;65,342;18,964;1,183;1,534;1,21;1,369;0,989559165;;4;16;203;195,555;40,709;158,158;37,645;199,645;26,26;228,861;18,453;1,146;1,447;0,703;0,49;0,453290427
4;50;178;175,433;18,685;193,63;10,525;176,515;10,532;156,152;11,028;0,885;0,806;1,047;1,048;1,69432354;;5;57;64;81,846;58,835;27,174;18,337;62,141;20,716;156,222;26,649;2,514;5,749;1,286;1,453;0,452944676
2;3;73;79,288;18,3;61,541;5,807;73,286;6,029;103,037;4,434;1,406;1,674;0,735;0,763;4,127198917;;4;80;144;127,766;50,47;65,278;19,26;144,402;21,685;173,619;22,73;1,202;2,66;1,048;1,18;0,450366554
4;6;161;159,043;18,246;178,461;8,991;159,381;7,919;139,288;9,371;0,874;0,78;1,183;1,042;1,94707075;;4;86;160;147,442;37,799;101,25;21,07;164,606;16,808;176,469;17,001;1,072;1,743;1,011;0,807;0,449773804
2;4;74;78,789;18,241;61,32;6,658;73,344;6,633;101,704;7,067;1,387;1,659;1,066;1,061;2,581151832;;2;66;38;53,521;30,427;38,277;3,926;28,125;6,913;94,16;13,612;3,348;2,46;1,969;3,467;0,447365826
4;88;36;37,948;18,096;36,062;18,59;38,68;17,969;39,102;17,563;1,011;1,084;0,977;0,945;1,03034789;;4;11;203;185,218;50,587;123,069;19,623;201,656;23,725;230,928;22,518;1,145;1,876;0,949;1,148;0,445134125
4;14;164;163,625;17,933;184,8;4,711;163,602;5,039;142,472;4,619;0,871;0,771;0,917;0,98;3,882442087;;1;61;58;76,651;47,648;32,869;9,937;58,549;14,054;138,536;20,983;2,366;4,215;1,493;2,112;0,440375252
4;16;159;158,51;17,527;177,296;7,27;159,03;7,795;139,203;9,057;0,875;0,785;1,162;1,246;1,935188252;;4;14;206;198,458;33,919;163,362;27,351;205,261;20,077;226,75;14,895;1,105;1,388;0,742;0,545;0,439134408
2;2;79;83,925;17,349;67,656;7,51;78,333;6,571;105,786;5,433;1,35;1,564;0,827;0,723;3,19326339;;2;72;41;48,772;23,998;40,693;4,921;25,816;6,121;79,808;10,515;3,091;1,961;1,718;2,137;0,438161513
1;6;158;156,458;17,218;153,779;14,184;154,92;17,104;160,674;19,192;1,037;1,045;1,122;1,353;0,897144644;;1;51;123;120,459;73,094;43,206;7,404;113,36;42,849;204,811;31,679;1,807;4,74;0,739;4,279;0,433400826
2;16;94;99,321;17,19;82,082;5,565;94,315;4,966;121,565;3,718;1,289;1,481;0,749;0,668;4,62345347;;2;94;37;39,873;18,98;37,205;7,409;20,086;7,45;62,326;8,216;3,103;1,675;1,103;1,109;0,432876712
4;80;77;78,02;17,105;64,91;13,65;77,747;10,293;91,402;15,314;1,176;1,408;1,488;1,122;1,116951809;;4;36;217;202,513;40,013;161,357;38,183;215,117;19,46;231,064;17,277;1,074;1,432;0,888;0,452;0,43178467
4;25;166;166,454;16,978;183,315;9,455;167,384;9,494;148,662;9,141;0,888;0,811;0,963;0,967;1,857346023;;1;82;30;29,112;3,786;24,562;1,483;33,186;0,788;29,589;1,632;0,892;1,205;2,07;1,101;0,431061807
1;77;96;98,095;16,966;83,597;8,899;93,715;8,488;116,974;11,248;1,248;1,399;1,325;1,264;1,508357041;;2;68;25;27,051;17,198;24,554;6,229;8,642;3,392;47,958;7,397;5,55;1,953;2,181;1,187;0,430108152
1;89;87;89,247;16,958;81,786;15,831;91,341;16,461;94,614;15,882;1,036;1,157;0,965;1,003;1,067749654;;4;40;171;153,434;53,752;87,8;24,813;170,392;23,817;202,109;22,809;1,186;2,302;0,958;0,919;0,424337699
1;90;28;32,534;16,943;24,155;11,584;31,443;12,527;42,003;20,223;1,336;1,739;1,614;1,746;0,837808436;;4;60;178;160,263;53,11;94,349;22,912;178,896;22,608;207,546;22,322;1,16;2,2;0,987;0,974;0,420297496
4;26;152;150,968;16,931;168,496;8,088;151,648;8,483;132,76;9,13;0,875;0,788;1,076;1,129;1,854435926;;2;73;40;49,868;25,791;40,554;7,47;25,942;7,736;83,109;10,761;3,204;2,049;1,391;1,441;0,417238572
2;80;36;37,291;16,914;25,882;11,243;30,59;7,403;55,402;13,19;1,811;2,141;1,782;1,173;1,282335102;;4;32;178;166,502;47,132;109,834;25,038;181,942;22,48;207,731;19,558;1,142;1,891;0,87;0,781;0,414962234
1;28;119;116,267;16,134;119,6;15,379;112,806;15,613;116,395;16,659;1,032;0,973;1,067;1,083;0,968485503;;4;2;173;160,279;51,846;97,667;22,42;173,635;23,963;209,534;21,502;1,207;2,145;0,897;0,959;0,414728234
3;49;25;34,42;15,882;21,717;1,886;25,282;1,487;56,262;5,385;2,225;2,591;3,62;2,855;2,949303621;;4;26;208;201,29;36,027;167,962;33,313;205,421;24,191;230,488;14,783;1,122;1,372;0,611;0,444;0,410331141
1;27;109;111,694;15,781;110,91;12,319;108,142;14,512;116,029;18,781;1,073;1,046;1,294;1,525;0,840264097;;4;82;154;139,717;46,704;80,203;15,918;157,738;18,301;181,211;19,156;1,149;2,259;1,047;1,203;0,410157588
4;51;185;184,739;15,616;201,478;5,366;185,758;6,858;166,979;7,684;0,899;0,829;1,12;1,432;2,032274857;;1;81;30;28,743;3,949;23,838;1,188;32,914;0,868;29,477;1,619;0,896;1,237;1,864;1,362;0,409977209
1;7;140;140,658;15,514;141,813;14,184;139,264;15,893;140,896;16,278;1,012;0,994;1,024;1,148;0,953065487;;4;25;209;200,667;35,166;162,715;28,008;210,098;19,546;229,187;14,167;1,091;1,409;0,725;0,506;0,402860718
1;54;158;160,946;15,016;146,19;6,055;156,947;5,41;179,699;5,012;1,145;1,229;0,926;0,828;2,996009577;;5;20;47;65,525;47,358;23,051;14,565;46,934;16,621;126,59;19,005;2,697;5,492;1,143;1,305;0,401304954
1;88;89;89,309;14,956;81,563;14,202;91,12;14,114;95,245;13,102;1,045;1,168;0,928;0,923;1,141505114;;2;69;24;25,488;16,004;24,344;5,598;7,586;3,354;44,534;6,419;5,871;1,829;1,914;1,147;0,401087228
1;45;148;148,769;14,837;139,387;9,623;144,704;11,289;162,216;12,45;1,121;1,164;1,103;1,294;1,191726908;;4;34;203;188,733;42,791;134,387;16,536;205,098;16,248;226,714;17,09;1,105;1,687;1,052;1,034;0,399383048
4;60;181;177,526;14,781;192,526;6,206;179,891;6,255;160,16;6,75;0,89;0,832;1,079;1,088;2,189777778;;2;17;88;85,755;15,776;88,659;6,344;66,899;7,008;101,706;6,238;1,52;1,147;0,89;0,983;0,395410751
2;17;105;109,87;14,669;96,21;6,411;105,277;6,142;128,125;5,076;1,217;1,332;0,826;0,792;2,889873916;;1;55;66;77,81;42,648;33,656;5,819;66,706;4,229;133,067;16,689;1,995;3,954;3,946;2,868;0,39131964
5;70;22;24,609;14,62;11,522;6,601;22,256;7,668;40,048;11,123;1,799;3,476;1,451;1,685;1,314393599;;2;99;27;25,366;14,819;27,683;4,468;7,171;4,209;41,243;5,713;5,751;1,49;1,357;1,279;0,385518591
3;52;22;22,799;14,387;15,443;8,424;18,285;8,56;34,669;16,165;1,896;2,245;1,889;1,919;0,890009279;;2;90;36;36,5;17,252;36,166;6,639;17,166;6,639;56,166;6,639;3,272;1,553;1;1;0,384824948
1;23;174;174,367;14,327;158,662;4,35;173,285;5,183;191,155;6,351;1,103;1,205;1,225;1,46;2,255865218;;2;62;51;68,977;33,325;48,798;6,889;44,205;8,948;113,926;12,759;2,577;2,335;1,426;1,852;0,382865716
2;18;134;133,855;13,659;122,078;9,208;130,694;8,591;148,792;5,413;1,138;1,219;0,63;0,588;2,523369666;;4;75;171;154,898;43,983;98,051;15,903;174,162;15,96;192,482;16,758;1,105;1,963;1,05;1,054;0,381010845
1;18;122;119,209;13,659;123,152;13,859;116,779;13,063;117,696;13,162;1,008;0,956;1,008;0,95;1,037760219;;4;71;160;144,476;53,889;77,254;19,719;161,4;23,934;194,774;20,379;1,207;2,521;0,851;1,033;0,378166231
1;59;93;93,576;13,511;88,966;12,066;92,186;11,192;99,576;14,752;1,08;1,119;1,318;1,223;0,915875813;;2;3;96;91,843;14,562;95,12;6,011;74,155;6,205;106,254;5,497;1,433;1,117;0,886;0,914;0,377489356
1;97;71;71,309;13,361;64,389;12,254;71,285;11,619;78,253;12,422;1,098;1,215;1,069;1,014;1,075591692;;4;66;173;160,96;49,221;102,072;29,333;176,864;22,244;203,944;18,565;1,153;1,998;0,835;0,633;0,377176408
3;39;24;27,952;13,081;19,789;4,791;21,763;4,352;42,304;12,67;1,944;2,138;2,912;2,644;1,032438832;;4;42;206;191,155;48,957;132,354;30,081;210,218;23,365;230,893;18,424;1,098;1,745;0,789;0,612;0,376330249
2;6;110;110,94;12,882;99,542;8,198;107,379;6,272;125,899;4,989;1,172;1,265;0,795;0,609;2,582080577;;4;37;208;198,26;41,61;155,098;35,429;205,08;21,534;234,602;15,656;1,144;1,513;0,727;0,442;0,376255708
1;29;126;125,024;12,844;128,717;15,406;123,093;10,672;123,262;11,099;1,001;0,958;1,04;0,72;1,157221371;;2;95;39;40,748;17,665;38,846;5,338;21,339;5,509;62,058;6,546;2,908;1,598;1,188;1,226;0,370563261
3;27;7;12,613;12,838;8,859;9,15;10,174;9,674;18,805;16,087;1,848;2,123;1,663;1,758;0,798035681;;4;24;197;183,042;43,066;128,962;22,901;200,269;14,489;219,894;15,817;1,098;1,705;1,092;0,691;0,367273487
3;29;17;17,324;12,614;12,184;9,202;13,854;8,76;25,934;14,26;1,872;2,129;1,628;1,55;0,88457223;;2;36;54;69,059;30,971;53,939;7,045;42,789;8,201;110,448;11,355;2,581;2,048;1,385;1,612;0,366633302
3;28;14;15,066;12,576;10,525;8,503;11,755;9,496;22,918;14,791;1,95;2,178;1,558;1,74;0,850246772;;1;80;26;27,337;3,284;24,034;1,075;31,437;1,181;26,541;1,201;0,844;1,104;1,017;1,117;0,365712546
1;9;156;156,25;12,45;166,731;8,085;154,17;9,577;147,848;11,096;0,959;0,887;1,159;1,372;1,122025955;;4;74;173;156,563;48,166;94,259;16,192;177,373;18,798;198,058;17,542;1,117;2,101;0,933;1,083;0,364198812
2;95;44;44,589;12,307;39,541;12,006;38,736;4,737;55,49;10,453;1,433;1,403;2,207;0,871;1,17736535;;2;21;65;63,811;18,025;65,936;8,339;42,878;8,127;82,619;6,537;1,927;1,253;0,804;0,784;0,362662968
1;87;77;79,961;12,206;70,594;7,073;76,816;6,744;92,472;9,864;1,204;1,31;1,463;1,395;1,237429035;;5;86;4;4,501;2,763;1,696;1,012;3,84;0,74;7,968;1,002;2,075;4,698;1,354;0,99;0,362649294
1;16;129;128,786;12,059;130,774;10,005;126,653;12,259;128,931;13,319;1,018;0,986;1,086;1,331;0,905398303;;2;12;88;84,105;16,095;86,944;6,256;64,694;6,687;100,675;5,818;1,556;1,158;0,87;0,93;0,36147872
1;78;84;86,213;12,012;76,16;6,134;82,509;6,047;99,97;7,392;1,212;1,313;1,222;1,205;1,625;;4;62;186;169,837;52,656;102,269;18,321;188,502;17,809;218,739;18,974;1,16;2,139;1,065;1,036;0,360338803
1;4;186;185,003;11,96;170,978;2,828;185,826;4,143;198,206;5,679;1,067;1,159;1,371;2,008;2,106004578;;4;5;190;183,602;43,267;134,954;31,687;192,93;19,269;222,922;15,525;1,155;1,652;0,806;0,49;0,358818499
1;79;81;83,015;11,817;74,226;7,903;79,763;7,332;95,056;8,362;1,192;1,281;1,14;1,058;1,413178665;;4;67;188;173,463;46,41;116,021;25,156;190,101;17,632;214,269;16,624;1,127;1,847;0,943;0,661;0,358198664
1;37;112;114,32;11,763;108,157;6,958;109,638;8,335;125,165;10,94;1,142;1,157;1,313;1,572;1,075228519;;4;63;194;175,577;52,599;107,813;17,564;196,797;20,869;222,12;18,639;1,129;2,06;0,893;1,061;0,354360349
3;51;8;12,203;11,741;7,779;8,745;10,085;8,208;18,746;14,243;1,859;2,41;1,735;1,629;0,824334761;;1;40;78;100,123;58,687;41,63;3,275;81,499;13,211;177,238;20,787;2,175;4,257;1,573;6,347;0,354201101
3;70;3;6,642;11,54;4,386;8,449;5,237;10,047;10,304;14,376;1,968;2,35;1,431;1,701;0,802726767;;4;85;150;134,645;42,107;80,128;14,796;151,501;14,342;172,307;14,827;1,137;2,15;1,034;1,002;0,352126725
2;19;135;136,797;11,521;125,786;5,516;133,458;4,027;151,147;3,638;1,133;1,202;0,903;0,659;3,166849918;;1;41;84;107,914;63,671;42,709;5,127;90,786;17,949;190,246;22,133;2,096;4,455;1,233;4,317;0,347615084
1;25;145;143,81;11,457;143,464;10,788;141,792;11,333;146,174;11,797;1,031;1,019;1,041;1,094;0,971179113;;2;93;35;35,73;17,055;35,171;5,586;16,288;5,361;55,73;5,863;3,422;1,585;1,094;1,049;0,343770155
1;50;28;29,91;11,421;25,93;10,438;32,922;11,084;30,88;11,562;0,938;1,191;1,043;1,108;0,987804878;;4;44;198;183,34;45,166;125,875;17,823;199,203;16,649;224,942;15,508;1,129;1,787;0,931;0,87;0,343355621
1;24;160;160,7;11,402;152,029;7,346;159,568;8,431;170,504;9,612;1,069;1,122;1,14;1,309;1,186225551;;4;23;203;184,259;48,75;121,352;16,022;202,282;17,239;229,142;16,71;1,133;1,888;0,969;1,043;0,342769231
1;19;136;137,108;11,237;148,445;7,842;134,128;7,535;128,75;7,301;0,96;0,867;0,969;0,931;1,539104232;;2;67;33;37,235;22,047;31,686;5,547;14,56;5,378;65,458;7,552;4,496;2,066;1,404;1,362;0,342540935
1;48;115;115,747;11,1;111,646;8,635;112,963;9,005;122,632;11,918;1,086;1,098;1,323;1,38;0,931364323;;2;22;70;68,233;18,567;68,182;6,865;46,883;5,823;89,634;6,277;1,912;1,315;1,078;0,914;0,338072925
2;7;115;115,879;11,096;105,986;6,656;112,605;5,57;129,048;3,469;1,146;1,218;0,623;0,521;3,198616316;;4;54;182;165,549;49,039;102,234;15,683;183,843;18,001;210,57;16,559;1,145;2,06;0,92;1,056;0,337670018
1;40;34;35,038;10,892;29,33;9,918;39,235;9,739;36,55;10,498;0,932;1,246;1,078;1,058;1,037530958;;4;65;167;148,439;44,816;88,027;9,902;170,818;10,141;186,472;15,085;1,092;2,118;1,488;1,523;0,336598536
5;94;18;21,266;10,754;13,349;4,295;18,538;6,276;31,91;10,279;1,721;2,391;1,638;2,393;1,046210721;;2;0;97;94,568;15,277;98,138;8,235;76,696;8,324;108,87;5,134;1,42;1,109;0,617;0,623;0,336060745
1;35;140;140,174;10,737;137,714;7,633;137,605;9,434;145,205;12,675;1,055;1,054;1,344;1,661;0,847100592;;2;97;32;31,039;17,093;32,429;5,107;10,597;5,9;50,093;5,723;4,727;1,545;0,97;1,121;0,334815422
1;44;163;165,102;10,734;153,707;2,966;163,008;2,986;178,592;3,426;1,096;1,162;1,147;1,155;3,133099825;;2;10;82;79,5;15,094;82,205;4,534;60,771;4,797;95,525;5,003;1,572;1,162;1,043;1,103;0,331456208
1;98;66;65,819;10,714;61,448;9,81;67,68;10,635;68,33;10,303;1,01;1,112;0,969;1,05;1,039891294;;2;80;37;37,521;17,601;37,555;5,776;17,082;5,329;57,925;5,795;3,391;1,542;1,087;1,003;0,329242657
1;5;179;179,169;10,516;170,043;6,416;179,448;7,849;188,014;8,207;1,048;1,106;1,046;1,279;1,281345193;;2;28;63;60,282;16,626;63,307;5,038;39,498;4,23;78,042;5,43;1,976;1,233;1,284;1,078;0,326596896
1;36;116;117,551;10,464;118,934;10,059;113,382;9,386;120,338;10,589;1,061;1,012;1,128;1,053;0,988195297;;2;61;54;70,108;31,082;51,93;7,125;46,123;7,83;112,272;10,128;2,434;2,162;1,294;1,421;0,325847758
1;8;138;140,801;10,462;143,949;11,509;139,035;9,654;139,418;9,369;1,003;0,969;0,97;0,814;1,11666133;;4;15;199;192,499;39,42;148,197;26,925;199,237;18,843;230,062;12,756;1,155;1,552;0,677;0,474;0,323592085
3;46;14;14,885;10,202;10,48;8,485;12,57;7,718;21,605;10,523;1,719;2,062;1,363;1,24;0,969495391;;2;4;101;97,434;13,938;100,781;5,027;80,072;5,319;111,448;4,499;1,392;1,106;0,846;0,895;0,322786626
2;90;44;43,182;10,185;41,829;8,821;36,742;7,476;50,974;8,571;1,387;1,219;1,147;0,972;1,188309415;;2;98;30;27,467;16,124;30,261;4,061;7,2;3,622;44,941;5,142;6,242;1,485;1,42;1,266;0,318903498
5;80;15;17,148;10,114;8,322;5,264;15,238;6,176;27,885;6,649;1,83;3,351;1,077;1,263;1,521130997;;2;6;97;93,974;14,104;96,029;5,421;76,861;4,832;109,032;4,49;1,419;1,135;0,929;0,828;0,318349404
2;92;47;46,674;9,832;45,354;8,755;40,12;6,615;54,547;7,934;1,36;1,203;1,199;0,906;1,239223595;;2;88;39;35,978;17,327;38,642;5,487;14,646;5,473;54,645;5,48;3,731;1,414;1,001;0,999;0,316269406
3;43;12;12,882;9,502;8,982;8,266;10,938;6,824;18,726;10,14;1,712;2,085;1,486;1,227;0,937080868;;1;56;64;73,109;38,419;31,293;4,62;65,488;3,222;122,546;12,069;1,871;3,916;3,746;2,612;0,31414144
1;38;135;134,269;9,479;131,378;9,814;130,11;7,54;141,32;6,405;1,086;1,076;0,849;0,653;1,479937549;;1;34;83;95,569;50,508;39,853;1,779;86,878;8,658;159,974;15,724;1,841;4,014;1,816;8,838;0,311317019
3;44;18;17,97;9,412;13,781;7,328;15,475;6,856;24,654;9,829;1,593;1,789;1,434;1,341;0,957574524;;2;89;36;33,435;17,071;36,397;5,392;12,242;5,222;51,667;5,254;4,221;1,42;1,006;0,974;0,307773417
2;91;46;45,182;9,184;44,629;7,987;38,821;6,514;52,098;7,631;1,342;1,167;1,172;0,956;1,203511991;;1;33;84;96,673;51,412;40,022;2,609;87,629;8,523;162,368;15,597;1,853;4,057;1,83;5,979;0,303372753
3;45;8;11,018;9,163;6,95;7,304;9,438;6,439;16,666;10,301;1,766;2,398;1,6;1,41;0,889525289;;2;20;63;60,813;17,511;62,629;7,88;40,237;7,148;79,573;5,299;1,978;1,271;0,741;0,673;0,302609788
1;81;28;29,219;8,983;24,234;7,978;30,451;7,995;32,971;8,606;1,083;1,361;1,076;1,079;1,043806647;;4;35;208;190,293;44,883;131,984;20,293;210,718;14,157;228,178;13,371;1,083;1,729;0,944;0,659;0,297907894
5;91;10;12,826;8,825;6,718;4,862;9,069;4,93;22,691;6,077;2,502;3,377;1,233;1,25;1,452196808;;1;35;83;93,36;48,485;39,41;2,169;85,539;7,303;155,131;14,38;1,814;3,936;1,969;6,629;0,296586573
1;34;162;163,566;8,775;155,704;4,228;161,582;4,896;173,413;5,141;1,073;1,114;1,05;1,216;1,706866368;;2;15;93;89,704;16,046;92,75;5,963;70,062;6,636;106,299;4,73;1,517;1,146;0,713;0,793;0,294777515
1;26;135;136,221;8,765;135,574;7,149;133,067;7,576;140,022;9,858;1,052;1,033;1,301;1,379;0,889125583;;4;55;184;167,324;49,507;102,554;13,931;185,918;16,521;213,499;14,585;1,148;2,082;0,883;1,047;0,294604803
3;19;5;8,166;8,695;5,157;6,513;6,68;7,463;12,661;9,86;1,895;2,455;1,321;1,514;0,881845842;;1;67;60;60,68;26,432;29,534;1,752;59,283;1,386;93,222;7,744;1,572;3,156;5,587;4,419;0,292978208
5;92;13;15,663;8,376;9,605;4,449;12,006;4,306;25,379;5,259;2,114;2,642;1,221;1,182;1,592698232;;2;87;39;37,75;16,8;38,222;4,658;17,798;4,872;57,229;4,858;3,215;1,497;0,997;1,043;0,289166667
3;60;6;7,887;8,267;4,304;6,295;6,41;6,898;12,947;8,787;2,02;3,008;1,274;1,396;0,940821668;;1;42;80;101,842;59,735;42,589;4,219;81,05;6,202;181,886;17,268;2,244;4,271;2,784;4,093;0,289076756
2;94;46;46,474;8,051;44,299;7,583;40,432;3,765;54,69;3,745;1,353;1,235;0,995;0,494;2,149799733;;4;53;192;173,522;52,865;104,336;15,092;193,446;17,695;222,782;15,267;1,152;2,135;0,863;1,012;0,288792207
2;93;47;47,495;7,882;46,189;6,406;40,923;4,195;55,374;4,555;1,353;1,199;1,086;0,711;1,730406147;;4;45;206;191,035;40,952;139,086;21,593;206,955;13,245;227,064;11,805;1,097;1,633;0,891;0,547;0,288264309
5;78;15;16,451;7,877;12,555;4,235;15,091;5,039;21,706;9,908;1,438;1,729;1,966;2,339;0,79501413;;4;72;162;145,3;50,102;79,637;13,554;162,626;13,828;193,637;14,404;1,191;2,431;1,042;1,063;0,287493513
2;8;137;136,981;7,846;132,19;6,903;134,173;5,1;144,581;4,734;1,078;1,094;0,928;0,686;1,657372201;;4;13;187;174,263;49,758;113,176;25,888;188,21;20,135;221,405;14,268;1,176;1,956;0,709;0,551;0,28674786
1;15;163;163,078;7,787;160,002;5,49;162,413;6,897;166,821;8,961;1,027;1,043;1,299;1,632;0,868987836;;1;66;59;61,18;28,371;27,883;2,143;59,371;1,072;96,286;8,037;1,622;3,453;7,499;3,75;0,283282225
5;93;13;16,281;7,687;10,811;2,837;13,821;4,79;24,211;6,885;1,752;2,239;1,437;2,426;1,116485113;;2;29;54;51,329;15,949;55,504;5,756;31,013;4,387;67,47;4,475;2,176;1,216;1,02;0,777;0,280581855
5;90;9;11,707;7,604;7,096;4,56;8,115;4,603;19,91;5,481;2,453;2,806;1,191;1,202;1,387338077;;2;96;36;36,189;16,57;35,696;4,489;16,936;4,619;55,936;4,619;3,303;1,567;1;1,029;0,278756789
1;17;107;106,925;7,388;111,034;6,785;104,405;6,659;105,338;6,902;1,009;0,949;1,037;1,017;1,070414373;;2;81;39;39,206;17,095;39,515;4,319;18,818;4,118;59,285;4,709;3,15;1,5;1,143;1,09;0,275460661
1;58;101;101,941;7,307;97,821;5,98;99,578;5,44;108,426;5,497;1,089;1,108;1,01;0,919;1,329270511;;4;52;184;166,72;54,254;95,856;15,539;184,96;15,58;219,344;14,925;1,186;2,288;0,958;0,96;0,275094924
1;71;31;31,027;6,889;24,346;3,861;35,354;5,605;33,382;5,211;0,944;1,371;0,93;1,349;1,32201113;;2;86;41;42,449;17,15;41,107;3,493;22,701;3,541;63,539;4,581;2,799;1,546;1,294;1,311;0,267113703
3;82;5;6,468;6,859;2,534;3,967;4,92;4,455;11,949;7,593;2,429;4,715;1,704;1,914;0,903332016;;2;77;39;40,191;18,339;38,419;2,883;19,128;2,917;63,027;4,889;3,295;1,641;1,676;1,696;0,266590327
5;86;18;20,212;6,6;14,408;1,646;18,109;2,49;28,12;4,597;1,553;1,952;1,846;2,793;1,435718947;;2;82;39;39,676;17,087;39,13;3,588;19,571;3,391;60,326;4,543;3,082;1,542;1,34;1,266;0,265874642
2;39;63;64,565;6,393;70,293;6,664;62,704;4,34;60,698;2,856;0,968;0,863;0,658;0,429;2,238445378;;2;76;41;45,722;21,181;41,378;2,489;22,658;2,62;73,13;5,55;3,228;1,767;2,118;2,23;0,262027289
5;95;17;18,402;6,37;12,765;1,595;16,853;2,484;25,587;5,218;1,518;2,005;2,101;3,271;1,220774243;;1;65;60;62,301;29,733;27,621;1,981;59,869;1,414;99,413;7,772;1,661;3,599;5,497;3,923;0,261393065
3;77;1;2,91;6,35;2,122;2,907;1,525;4,356;5,083;9,288;3,334;2,396;2,132;3,195;0,683677864;;1;69;58;58,76;23,749;30,445;2,223;58,021;1,464;87,814;6,204;1,513;2,884;4,239;2,791;0,261232052
1;60;24;24,195;5,374;21,064;4,58;26,69;4,741;24,832;5,172;0,93;1,179;1,091;1,129;1,039056458;;2;83;38;39,282;17,689;37,954;3,291;18,814;3,287;61,077;4,619;3,246;1,609;1,405;1,403;0,261122732
1;80;20;19,974;5,129;16,696;4,509;21,853;4,593;21,373;4,613;0,978;1,28;1,004;1,023;1,111857793;;1;68;59;59,716;25,121;29,781;2,531;58,886;1,295;90,482;6,465;1,537;3,038;4,991;2,555;0,257354405
2;9;135;135,692;4,938;132,531;2,656;133,485;2,719;141,061;3,877;1,057;1,064;1,426;1,46;1,273665205;;2;1;94;90,903;14,3;93,93;3,593;72,65;3,637;106,13;3,626;1,461;1,13;0,997;1,009;0,253566434
1;70;26;25,651;4,53;21,923;3,427;28,648;3,799;26,382;3,461;0,921;1,203;0,911;1,01;1,308870269;;1;64;60;63,613;31,583;27,354;1,819;59,931;1,45;103,554;7,967;1,728;3,786;5,494;4,381;0,25225596
5;96;15;15,145;4,327;11,6;2,566;13,952;1,986;19,882;3,036;1,425;1,714;1,529;1,183;1,425230567;;2;14;86;83,881;16,619;86,09;5,035;63,358;4,959;102,194;4,148;1,613;1,187;0,836;0,824;0,249593838
5;79;11;12,146;4,266;10,258;3,685;10,333;3,074;15,846;3,322;1,534;1,545;1,08;0,901;1,284166165;;2;85;41;44,014;18,523;40,691;3,687;23,698;3,434;67,653;4,622;2,855;1,663;1,346;1,253;0,249527614
5;87;15;15,841;4,179;12,474;1,641;14,547;2,144;20,502;3,219;1,409;1,644;1,501;1,961;1,298229264;;2;84;39;41,837;18,746;39,006;3,713;20,957;3,616;65,547;4,599;3,128;1,68;1,272;1,238;0,245332338
5;89;8;8,357;4,136;6,477;3,158;6,389;3,139;12,205;3,047;1,91;1,884;0,971;0,965;1,357400722;;2;2;94;90,969;13,941;94,086;3,365;73,069;3,401;105,752;3,391;1,447;1,124;0,997;1,008;0,243239366
3;81;2;3,164;4,023;1,87;1,938;1,456;2,042;6,165;5,198;4,234;3,296;2,545;2,683;0,77395152;;2;11;88;84,305;15,125;87,224;3,487;65,016;3,48;100,674;3,672;1,548;1,154;1,055;1,053;0,24277686
3;42;4;4,786;3,887;1,709;2,352;4,038;2,227;8,61;3,19;2,132;5,038;1,432;1,356;1,218495298;;2;79;36;33,819;16,92;36,371;4,186;12,568;4,09;52,518;4,098;4,179;1,444;1,002;0,979;0,242198582
5;99;3;3,856;3,733;2,264;3,108;3,666;3,003;5,638;4,17;1,538;2,49;1,388;1,342;0,895203837;;1;57;63;69,38;35,549;29,083;3,179;64,371;2,814;114,685;8,472;1,782;3,943;3,011;2,665;0,23831894
3;33;3;3,919;3,656;1,002;2,072;3,15;1,822;7,605;3,129;2,414;7,593;1,717;1,51;1,168424417;;2;26;66;69,097;20,002;67,483;5,539;46,152;3,856;93,654;4,75;2,029;1,388;1,232;0,858;0,237476252
3;36;3;4,269;3,65;0,814;1,607;3,722;1,53;8,27;2,609;2,222;10,155;1,705;1,623;1,39900345;;4;64;179;159,536;48,011;94,87;11,935;180,92;11,465;202,818;11,361;1,121;2,138;0,991;0,952;0,236633272
5;97;11;11,337;3,327;9,27;1,708;9,39;1,769;15,35;1,727;1,635;1,656;0,976;1,011;1,926462073;;2;23;71;70,793;19,766;69,715;6,411;48;4,486;94,662;4,518;1,972;1,358;1,007;0,705;0,22857432
5;98;7;7,439;3,28;5,45;1,924;5,768;1,669;11,101;2,373;1,925;2,037;1,421;1,233;1,382216603;;1;36;82;91,634;45,83;40,744;1,872;83,301;4,666;150,856;10,457;1,811;3,703;2,241;5,585;0,228169321
5;88;11;12,077;3,223;9,893;1,317;10,352;1,813;15,986;1,767;1,544;1,616;0,974;1,342;1,823995473;;2;78;37;36,462;16,803;37,074;4,325;16,147;3,561;56,166;3,788;3,478;1,515;1,064;0,876;0,225435934
3;50;3;3,654;3,18;1,96;2,483;2,47;2,383;6,533;2,436;2,644;3,333;1,022;0,981;1,305418719;;2;91;37;35,263;16,612;36,418;4,49;14,957;3,665;54,414;3,724;3,638;1,494;1,016;0,829;0,224175295
3;34;3;3,837;3,162;0,626;1,224;3,406;1,136;7,48;1,853;2,196;11,957;1,631;1,514;1,706422018;;1;63;60;65,593;33,339;28,098;1,264;60,158;1,549;108,522;7,224;1,804;3,862;4,664;5,714;0,216683164
3;40;2;3,275;3,082;2,109;2,736;1,888;2,337;5,829;2,396;3,087;2,764;1,025;0,876;1,286310518;;1;62;59;67,811;37,001;28,008;2,127;58,885;2,07;116,539;7,742;1,979;4,161;3,74;3,64;0,209237588
3;30;2;2,376;2,938;1,947;2,696;1,194;2,571;3,987;2,8;3,34;2,048;1,089;1,039;1,049285714;;1;43;77;94,511;52,723;41,186;2,536;76,774;2,962;165,573;10,767;2,157;4,02;3,635;4,246;0,204218273
3;35;3;3,775;2,89;0,454;0,498;3,504;0,617;7,368;0,649;2,103;16,215;1,051;1,304;4,453004622;;1;32;85;96,056;50,9;39,677;1,922;86,443;6,233;162,048;10,2;1,875;4,084;1,636;5,307;0,200392927
3;20;1;2,005;2,815;1,72;2,598;0,854;2,53;3,44;2,677;4,026;2;1,058;1,03;1,051550243;;2;27;64;65,877;18,209;66,166;6,738;44,437;5,397;87,029;3,605;1,958;1,315;0,668;0,535;0,197979021
3;10;1;1,538;2,8;1,752;2,861;0,998;2,758;1,862;2,699;1,865;1,063;0,978;0,943;1,037421267;;2;13;82;79,406;15,847;81,971;3,243;59,243;3,423;97,003;2,901;1,637;1,183;0,848;0,895;0,18306304
3;80;0;1,443;2,777;2,28;2,87;0,995;2,617;1,054;2,645;1,059;0,462;1,011;0,922;1,049905482;;1;58;63;67,162;33,122;28,822;1,562;63,514;2,421;109,15;6,053;1,719;3,787;2,501;3,875;0,182748626
3;90;0;1,433;2,772;2,574;2,724;0,862;2,615;0,862;2,615;1;0,335;1;0,96;1,060038241;;2;92;37;34,988;16,62;37,122;3,512;14,021;2,937;53,822;2,97;3,839;1,45;1,011;0,846;0,178700361
3;26;3;3,422;2,673;0,554;0,818;2,856;0,461;6,856;0,461;2,401;12,384;1;0,564;5,798264642;;1;24;104;108,379;58,506;39,563;2,972;103,923;5,333;181,651;10,358;1,748;4,591;1,942;3,485;0,177041671
3;25;3;3,53;2,62;0,806;0,931;2,891;0,549;6,891;0,549;2,384;8,546;1;0,59;4,772313297;;2;24;67;70,438;21,188;66,429;7,71;47,755;5,519;97,131;3,714;2,034;1,462;0,673;0,482;0,175287899
3;0;1;1,644;2,611;2,498;2,681;1,088;2,474;1,347;2,451;1,238;0,539;0,991;0,914;1,065279478;;1;39;80;84,991;40,753;37,821;1,647;80,434;2,929;136,72;7,023;1,7;3,615;2,397;4,263;0,172330871
3;41;3;3,252;2,603;0,739;0,77;2,469;0,903;6,547;1,066;2,652;8,857;1,181;1,385;2,441838649;;2;5;99;97,303;13,283;99,891;3,269;80,237;2,473;111,781;2,231;1,393;1,119;0,902;0,682;0,167959045
3;24;2;3,207;2,373;0,902;0,624;2,36;0,518;6,36;0,518;2,695;7,048;1;0,831;4,581081081;;1;23;106;110,078;59,777;39,755;3,193;105,438;4,852;185,04;10,007;1,755;4,654;2,062;3,134;0,167405524
3;32;2;3,283;2,336;1,189;0,804;2,33;0,757;6,33;0,757;2,717;5,324;1;0,942;3,085865258;;1;37;81;89,028;43,746;39,616;1,422;82,013;3,591;145,456;7,172;1,774;3,672;1,997;5,043;0,163946418
3;9;1;1,686;2,285;1,186;1,119;0,518;1,66;3,354;2,694;6,469;2,829;1,623;2,408;0,848181143;;1;25;102;106,053;56,862;39,205;3,056;101,486;4,183;177,467;9,142;1,749;4,527;2,185;2,992;0,16077521
3;16;2;2,846;2,226;0,803;0,436;1,867;0,46;5,867;0,46;3,142;7,305;1;1,054;4,839130435;;1;38;81;87,687;42,349;39,627;1,599;81,232;3,113;142,202;6,697;1,751;3,588;2,152;4,188;0,158138327
3;15;2;2,901;2,225;0,92;0,645;1,891;0,526;5,891;0,526;3,115;6,403;1;0,815;4,230038023;;2;25;70;71,719;19,974;69,354;6,63;49,309;4,639;96,494;3,123;1,957;1,391;0,673;0,471;0,156353259
3;17;2;2,701;2,22;0,797;0,685;1,64;0,609;5,666;0,639;3,455;7,11;1,049;0,933;3,474178404;;1;59;63;65,066;31,56;27,898;0,986;62,571;1,753;104,728;4,823;1,674;3,754;2,751;4,892;0,152820025
3;23;2;2,837;2,209;0,837;0,462;1,837;0,462;5,837;0,462;3,178;6,975;1;1;4,781385281;;1;30;87;97,87;53,377;39,658;2,736;85,918;5,248;168,035;7,583;1,956;4,237;1,445;2,771;0,142064934
3;83;1;2,267;2,186;1,067;0,866;0,904;1,009;4,83;1,643;5,343;4,526;1,629;1,897;1,330493001;;1;44;76;90,14;48,333;39,787;2,025;75,632;2,118;155;6,847;2,049;3,896;3,233;3,381;0,141663046
3;14;2;2,409;2,115;0,782;1,003;1,222;0,473;5,222;0,473;4,272;6,675;1;0,472;4,471458774;;1;29;94;97,484;48,718;40,445;1,468;93,026;4,367;158,982;6,606;1,709;3,931;1,513;4,501;0,135596699
3;22;2;2,518;2,083;0,936;0,859;1,309;0,514;5,309;0,514;4,056;5,672;1;0,599;4,052529183;;1;31;87;96,722;51,61;39,771;2,062;86,082;4,528;164,312;6,398;1,909;4,131;1,413;3,102;0,123968223
3;31;2;2,575;2,052;1,059;0,83;1,333;0,498;5,333;0,498;4,001;5,035;1;0,599;4,120481928;;1;28;95;99,545;49,855;41,109;1,285;95,037;4,826;162,49;5,865;1,71;3,953;1,215;4,563;0,117641159
3;6;1;2,171;1,967;1,037;0,935;0,757;0,656;4,718;0,725;6,235;4,551;1,105;0,775;2,713103448;;1;27;97;101,529;51,353;41,443;2,051;96,645;4,471;166,498;5,667;1,723;4,017;1,267;2,762;0,110353825
3;84;1;1,874;1,96;1,286;1,11;0,397;0,896;3,939;1,642;9,927;3,062;1,833;1,48;1,193666261;;1;49;70;74,219;36,266;32,234;2,274;69,966;2,388;120,458;3,997;1,722;3,737;1,674;1,758;0,110213423
3;5;2;2,319;1,902;1,23;0,906;0,864;0,357;4,864;0,357;5,63;3,953;1;0,394;5,327731092;;1;26;99;104,021;54,173;40,714;2,834;98,715;4,166;172,635;5,918;1,749;4,24;1,42;2,088;0,109242612
3;18;2;2,386;1,885;1,395;0,837;0,875;0,431;4,888;0,503;5,585;3,503;1,166;0,601;3,747514911;;1;11;128;124,214;66,664;41,842;4,873;126,456;7,096;204,344;6,852;1,616;4,884;0,966;1,406;0,102784111
3;13;2;2,558;1,811;1,648;0,753;1,013;0,112;5,013;0,112;4,949;3,042;1;0,149;16,16964286;;1;20;109;111,962;65,288;34,4;4,51;107,902;5,292;193,584;6,693;1,794;5,627;1,265;1,484;0,10251501
3;21;2;2,525;1,756;1,811;0,415;0,882;0,394;4,882;0,394;5,537;2,695;1;0,95;4,456852792;;1;21;110;112,502;64,646;35,37;4,812;109,163;5,868;192,974;6,597;1,768;5,456;1,124;1,371;0,102048077
3;4;2;2,47;1,754;1,79;0,515;0,829;0,405;4,79;0,515;5,78;2,676;1,27;1;3,405825243;;1;10;125;121,003;66,157;39,331;4,961;123,074;7,075;200,603;6,69;1,63;5,1;0,946;1,349;0,101123086
3;12;2;2,471;1,675;1,862;0,435;0,933;0,25;4,619;0,905;4,952;2,48;3,613;2,08;1,850828729;;1;3;130;123,181;64,709;41,021;2,33;129,784;3,27;198,739;6,528;1,531;4,845;1,996;2,802;0,100882412
3;7;2;2,115;1,67;1,395;0,931;0,885;0,489;4,066;1,195;4,595;2,914;2,441;1,284;1,39748954;;1;2;130;124,689;65,074;42,128;3,499;131,227;3,425;200,712;6,434;1,529;4,764;1,878;1,839;0,098872053
3;8;1;1,762;1,584;1,36;0,62;0,437;0,496;3,49;1,412;7,989;2,566;2,847;2,279;1,121813031;;1;12;125;121,691;66,171;39,704;4,093;124,278;6,586;201,091;6,533;1,618;5,065;0,992;1,596;0,09872905
3;3;2;1,92;1,58;1,514;0,572;0,552;0,497;3,694;1,314;6,693;2,441;2,642;2,299;1,202435312;;1;4;129;121,77;64,541;39,76;1,786;128,454;3,327;197,096;6,167;1,534;4,957;1,854;3,453;0,095551665
3;92;1;1,493;1,497;1,09;0,317;0,099;0,299;3,29;1,097;33,161;3,019;3,671;3,457;1,364630811;;1;45;75;87,088;44,948;39,384;1,4;74,722;1,945;147,158;4,261;1,969;3,737;2,19;3,043;0,094798434
3;2;1;1,375;1,372;1,069;0,375;0,107;0,309;2,949;1,109;27,507;2,759;3,584;2,954;1,237150586;;1;48;73;77,407;37,176;35,08;2,289;71,773;2,221;125,37;3,503;1,747;3,574;1,577;1,53;0,094227459
3;85;1;1,099;1,29;1,131;1,079;0,552;0,801;1,613;1,619;2,922;1,426;2,022;1,501;0,796788141;;1;22;107;109,814;62,571;35,246;3,561;106,213;4,485;187,984;5,367;1,77;5,333;1,197;1,507;0,08577456
3;78;1;1,154;1,237;1,336;0,889;0,358;0,891;1,768;1,402;4,933;1,323;1,575;1,578;0,882310984;;1;5;126;119,564;63,648;38,706;2,193;126,05;3,378;193,936;5,074;1,539;5,011;1,502;2,314;0,079719708
3;86;0;0,903;1,185;1,837;1,419;0,187;0,39;0,686;0,782;3,667;0,374;2,006;0,551;1,515345269;;1;6;124;117,7;62,966;37,997;2,077;123,443;3,078;191,661;4,965;1,553;5,044;1,613;2,391;0,078852079
3;91;0;0,826;1,14;0,909;0,704;0,246;0,46;1,322;1,613;5,364;1,454;3,509;2,291;0,706757595;;1;13;123;119,224;65,348;38,139;4,463;121,922;6,217;197,611;5,081;1,621;5,181;0,817;1,139;0,077752953
3;11;1;1,171;1,087;1,083;0,276;0,083;0,276;2,346;0,906;28,192;2,165;3,281;3,281;1,199779249;;1;1;132;126,422;65,522;43,563;2,6;132,222;3,276;203,48;4,991;1,539;4,671;1,524;1,92;0,076172888
3;88;1;0,918;1,024;2,013;0,94;0,32;0,466;0,422;0,494;1,32;0,21;1,059;0,526;2,072874494;;1;19;109;108,811;58,165;37,595;3,542;109,131;4,597;179,706;4,236;1,647;4,78;0,922;1,196;0,072827302
3;93;1;1,084;1,009;0,987;0,299;0,038;0,192;2,227;0,72;58;2,256;3,745;2,407;1,401388889;;1;47;73;79,798;39,056;36,018;1,866;72,674;2,443;130,702;2,794;1,798;3,629;1,144;1,497;0,071538304
3;87;1;0,916;0,962;1,738;1,112;0,442;0,497;0,57;0,52;1,29;0,328;1,048;0,468;1,85;;1;7;120;115,335;62,526;36,502;1,403;120,254;2,345;189,25;4,355;1,574;5,185;1,857;3,104;0,069651025
3;89;0;0,641;0,951;1,718;0,889;0,102;0,303;0,102;0,303;1;0,06;1;0,341;3,138613861;;1;46;74;83,288;41,758;37,413;1,335;74,133;2,118;138,318;2,864;1,866;3,697;1,352;2,146;0,06858566
3;1;1;1,196;0,927;1,742;1,079;0,512;0,5;1,334;0,613;2,606;0,766;1,227;0,568;1,51223491;;1;18;111;110,156;60,209;36,13;3,21;111,038;4,231;183,301;4,031;1,651;5,073;0,953;1,256;0,066950124
3;99;0;0,595;0,914;1,715;0,745;0,035;0,184;0,035;0,184;1;0,021;1;0,247;4,967391304;;1;14;120;116,867;65,022;36,04;3,827;119,701;5,344;194,861;4,015;1,628;5,407;0,751;1,049;0,061748331
3;96;1;0,866;0,847;1,346;1,156;0,626;0,484;0,626;0,484;1;0,465;1;0,419;1,75;;1;0;130;124,237;65,104;41,902;2,856;129,941;2,811;200,869;3,933;1,546;4,794;1,399;1,377;0,060411035
3;79;0;0,464;0,828;0,686;1,158;0,317;0,492;0,389;0,631;1,227;0,566;1,282;0,544;1,312202853;;1;15;117;114,901;64,464;34,944;2,709;117,178;3,853;192,582;3,458;1,644;5,511;0,898;1,277;0,053642343
3;94;1;0,771;0,787;0,69;0,539;0,141;0,348;1,482;0,733;10,523;2,148;2,108;1,36;1,07366985;;1;17;113;111,321;62,08;34,349;2,213;113,44;3,684;186,174;3,305;1,641;5,42;0,897;1,493;0,053237758
3;98;0;0,526;0,594;0,579;0,633;0,499;0,572;0,499;0,572;1;0,862;1;0,903;1,038461538;;1;16;115;112,777;64,099;32,982;2,721;115,621;3,485;189,726;3,173;1,641;5,752;0,911;1,166;0,049501552
3;97;0;0,458;0,528;0,49;0,585;0,442;0,497;0,442;0,497;1;0,902;1;0,848;1,062374245;;1;8;119;113,051;61,736;34,763;1,834;118,835;1,719;185,555;2,871;1,561;5,338;1,67;1,565;0,046504471
3;95;1;0,939;0,353;0,939;0,276;0,867;0,367;1,011;0,39;1,166;1,077;1,063;1,411;0,905128205;;1;9;116;111,556;59,356;36,832;2,667;115,912;1,984;181,923;2,08;1,569;4,939;1,048;0,78;0,035042793
